player_id,nome_giocatore,n_train,n_test,order_armax,aic_armax,mae_armax,mae_lgbm,armax_migliore
22,De Roon,265,70,"(1, 0, 1)",463.10939650709355,0.4154962888397072,0.37338855376721836,False
27,Grassi,170,56,"(2, 0, 1)",258.3876032656089,0.37414221990912117,0.35351608562871356,False
49,Masina,123,28,"(1, 0, 1)",241.97779740981483,0.48310567005920063,0.4612347251241315,False
133,Skorupski,275,45,"(1, 0, 1)",520.9323144351898,0.5280480621308428,0.3131418920349051,False
140,Hysaj,248,10,"(1, 0, 0)",453.49850373882094,0.5991898362678176,0.3188593412783409,False
152,Zielinski,311,50,"(2, 0, 1)",635.5436226406421,0.48707672543608493,0.4432746449358945,False
170,Badelj,223,22,"(1, 0, 1)",420.2350814655376,0.6444391899176956,0.3941997529738503,False
181,Vecino,200,30,"(2, 0, 1)",365.1898648357282,0.7051608208373245,0.295667620669015,False
184,Bernardeschi,178,24,"(2, 0, 1)",396.3813591563666,0.5438315360684504,0.5060616101009834,False
186,Rebic,102,18,"(2, 1, 1)",276.9882158452545,0.6455742940275905,0.45781444111453456,False
218,Perin,159,14,"(2, 0, 1)",251.71693384109858,0.34919999636549603,0.18405213091050726,False
226,Izzo,228,28,"(2, 1, 1)",467.59627478489347,0.47831468770182645,0.4980351004734933,True
236,Lazovic,263,24,"(2, 1, 1)",516.6920781520877,0.558050761058238,0.47971815753217956,False
247,Pavoletti,168,17,"(1, 0, 1)",446.604584247994,0.6229315318719039,0.5060992610744919,False
252,Biraghi,260,32,"(1, 0, 1)",505.05067099071454,0.46308672020481045,0.4343687786404541,False
253,D'ambrosio,191,17,"(1, 0, 1)",393.14558900728343,0.7316859085827129,0.5283572656778103,False
254,Dimarco,151,67,"(2, 1, 1)",296.482133136328,0.686243697765376,0.635733948854908,False
256,Juan Jesus,130,34,"(1, 0, 0)",257.16683174955665,0.5034093713033956,0.4036822597823158,False
294,Rugani,119,8,"(1, 0, 0)",206.45129174234617,0.5064558603736456,0.3324379530061434,False
309,Dybala,253,41,"(1, 0, 1)",637.4725039027337,0.6475373262052978,0.6640780751655629,True
313,Morata,92,33,"(2, 0, 1)",260.4125384015715,1.0480189416690262,0.5399156274695113,False
322,De Vrij,234,30,"(1, 0, 0)",415.66676144997604,0.5162516654791062,0.4404883634613608,False
327,Patric,149,18,"(2, 0, 1)",295.7734544599479,0.7226081692336694,0.3696469413212,False
333,Cataldi,189,51,"(2, 1, 1)",326.52593111935914,0.5534624753412668,0.4455844786565111,False
345,Keita B.,124,10,"(2, 0, 1)",291.8749519614545,0.8871391309109591,0.5034331368555012,False
357,Calabria,193,13,"(2, 1, 1)",398.14670292913814,0.4153328301677392,0.4208012629952949,True
358,De Sciglio,121,12,"(1, 0, 1)",206.27870598622252,0.44555113501936083,0.37219257354229035,False
387,Reina,160,12,"(1, 0, 0)",259.4929485121637,0.8124374263998987,0.4178254752780055,False
388,Albiol,112,8,"(1, 0, 1)",195.00958702368104,0.47720867990269034,0.5019262229850886,True
393,Luperto,135,70,"(2, 0, 1)",320.05689883563116,0.6531287617962086,0.5567103392568745,False
418,Goldaniga,144,30,"(2, 0, 1)",354.6247206106518,0.7866474098959252,0.34889911322946443,False
441,Belotti,275,16,"(1, 0, 1)",683.5589659357231,0.5069339813381474,0.43961405074935217,False
460,Romagnoli,256,64,"(1, 0, 1)",490.6601102709675,0.5280945028946796,0.4015372440846177,False
479,Sanabria,142,45,"(2, 1, 1)",359.66585632234853,0.4873028815153462,0.3972414598195211,False
487,De Silvestri,209,26,"(1, 0, 1)",377.3215436728589,0.3926063021032417,0.2246197441010511,False
495,Correa,166,15,"(2, 0, 1)",364.0763480207728,0.6071316969950086,0.4743286022090471,False
505,Bonazzoli,115,35,"(2, 1, 1)",252.92297209921028,0.6276305669504622,0.5925359084988031,False
513,Acerbi,306,37,"(2, 1, 1)",622.5337345734781,0.5168548450705875,0.28530435781396746,False
526,Duncan,217,14,"(1, 0, 1)",442.1590350345457,0.53947232383527,0.3602730355633322,False
530,Pellegrini Lo.,243,49,"(2, 1, 1)",548.0351423213457,0.5584333028026466,0.4315852430202533,False
531,Berardi,249,26,"(2, 1, 1)",640.071075949982,0.7283619411900695,0.5895838622896813,False
536,Politano,274,70,"(1, 0, 1)",565.3970952966145,0.5456081219184303,0.40576674502860666,False
554,Zappacosta,169,65,"(2, 0, 1)",313.68690652900113,0.5268246093607141,0.4166667544385399,False
572,Meret,143,45,"(1, 0, 0)",270.6508997438804,0.4523971624666575,0.3916075464171175,False
608,Zapata D.,279,30,"(2, 0, 1)",715.032202055052,0.7034391677157911,0.6350045209827293,False
632,Zaccagni,166,60,"(1, 0, 1)",336.0264766090261,0.5477055584945645,0.5718173586427493,True
647,Dzeko,257,8,"(1, 0, 1)",704.152271249661,0.3899144336545026,0.37702798225330847,False
695,Toloi,232,9,"(1, 0, 1)",515.726384598255,0.26951527634473776,0.29380749287787356,True
697,Cuadrado,226,35,"(2, 0, 1)",445.38355781953476,0.4991060286426176,0.2846301013914337,False
761,Audero,168,42,"(1, 0, 0)",279.6896380946512,0.5063057088951033,0.45344287480976014,False
770,Pezzella Giu.,125,66,"(1, 0, 1)",234.5186696952734,0.5963466676595388,0.37727079675550074,False
779,Cristante,260,65,"(2, 1, 1)",495.28650454029287,0.4716929844720729,0.38598991322754017,False
787,Djimsiti,209,66,"(1, 0, 0)",407.53803922700007,0.48898810002964926,0.3973520515371745,False
788,Freuler,232,65,"(2, 0, 1)",381.0610898424883,0.38356241777772904,0.35128142032200693,False
795,El Shaarawy,193,39,"(1, 0, 1)",445.4343393532362,0.4967660455094246,0.30775835180052535,False
801,Gagliardini,178,35,"(1, 0, 1)",384.78637505084,0.42143928528362345,0.3087044063656614,False
827,Locatelli,229,71,"(1, 0, 1)",405.48048622670353,0.5390044933672661,0.45959629646773453,False
1852,Spinazzola,155,53,"(2, 0, 1)",298.40901141447574,0.5153264890229697,0.38012989914241413,False
1870,Barella,266,67,"(1, 0, 1)",514.11856772404,0.47670603286293745,0.4681505294381794,False
1871,Deiola,112,45,"(2, 1, 1)",202.39412380433578,0.5165596657407968,0.3228384425070227,False
1891,Ceccherini,177,8,"(2, 1, 1)",368.14040389533614,0.3080666064203368,0.4156177334294455,True
1933,Mandragora,197,61,"(1, 0, 1)",388.1258174732711,0.5619740102727979,0.4267321604123668,False
1939,Lapadula,137,10,"(2, 1, 1)",341.6334240414825,0.8315085027409055,0.24897483942941373,False
1958,Caprari,219,30,"(2, 0, 1)",492.5614453604361,0.3579984898134576,0.27305767024411043,False
2008,Linetty,218,22,"(2, 1, 1)",404.48174557792925,0.3343375953566409,0.3198218421944136,False
2038,Pinamonti,165,70,"(2, 1, 1)",403.15442503427346,0.7289539734749677,0.6469088666335839,False
2061,Simeone,238,51,"(1, 0, 1)",637.5909612239366,0.7323049135482739,0.5578400408042055,False
2077,Pasalic,206,64,"(2, 1, 1)",478.33590519684185,0.9096704930555906,0.45733504996095664,False
2120,Bastoni,172,60,"(2, 0, 1)",310.55710588137606,0.436104216586963,0.42556387265301593,False
2155,Cutrone,104,47,"(2, 1, 1)",220.50660669943872,0.6596272660086232,0.47654487051622396,False
2160,Gosens,149,57,"(2, 0, 1)",290.957344226618,0.7124800177675942,0.4223236032991628,False
2167,Orsolini,201,63,"(1, 0, 1)",440.64354718392997,0.696998117188253,0.6521787670574307,False
2181,Palomino,159,17,"(1, 0, 1)",327.61063799843373,0.7692206787945272,0.4702358519085572,False
2188,Marusic,209,64,"(1, 0, 1)",417.9431008372731,0.538234344413327,0.4364178486772345,False
2194,Calhanoglu,232,50,"(2, 0, 1)",523.5737059266361,0.5536056160531838,0.6434220701444108,True
2211,Silvestri,161,9,"(1, 0, 0)",229.97478148455372,0.4645441912346495,0.4457507048574469,False
2263,Lazzari,209,39,"(2, 0, 1)",393.0742339932824,0.48673753773769246,0.36466255613962595,False
2285,Bani,142,20,"(2, 1, 1)",334.88031662200876,0.6118947114151989,0.34396118707299034,False
2296,Mancini,206,73,"(2, 0, 1)",400.9466737223529,0.7118345865769787,0.427410304742023,False
2379,Rabiot,152,29,"(1, 0, 1)",277.2726062905276,0.8556703226989176,0.6782808566160065,False
2489,Pedro,120,51,"(1, 0, 0)",257.42021763649484,0.6778411583907347,0.5196055983135417,False
2525,Darmian,137,31,"(1, 0, 1)",211.7146177243536,0.4302827517481632,0.2079618212368607,False
2529,Mkhitaryan,154,60,"(2, 0, 1)",330.33965728261967,0.5497233983457243,0.37659742040312744,False
2531,Lukaku,128,37,"(2, 1, 1)",340.4894155443433,0.9472913046930832,0.7220060263315364,False
2653,Lykogiannis,130,24,"(1, 0, 1)",230.98067693086506,1.2419650833381082,0.46127227770047924,False
2741,Pessina,161,11,"(1, 0, 1)",297.48983915015583,0.5487778765208029,0.28874241320051364,False
2762,Kouame',127,23,"(2, 1, 1)",269.95460400498126,0.5077684879364885,0.31053700796736,False
2764,Martinez L.,198,61,"(1, 0, 1)",544.2633802808823,0.7335034519842034,0.7426833493620743,True
2766,Zaniolo,92,49,"(1, 0, 1)",221.4639939333408,0.9809786249779249,0.46808506547139966,False
2769,Magnani,115,14,"(1, 0, 1)",246.5404151986258,1.5335490428953535,0.8402331026486303,False
2788,Bremer,161,32,"(1, 0, 1)",375.74923669949584,0.7374971433540047,0.555041791694115,False
2814,Provedel,144,56,"(1, 0, 1)",240.373388245166,0.5857947920631191,0.3170769917922977,False
2816,Di Lorenzo,212,63,"(1, 0, 0)",427.6251300767923,0.5164243337734942,0.44542259594094535,False
2832,Boga,128,13,"(1, 0, 0)",304.3412637546471,1.2743178679202503,0.5827341699036303,False
2841,Vlahovic,162,43,"(2, 1, 1)",424.3423530801157,1.2281658579006847,0.6628532092555491,False
4237,Danilo,142,8,"(2, 1, 1)",251.2014808315639,1.1554424987591383,0.5587808657190605,False
4292,Hernandez T.,162,33,"(2, 1, 1)",402.40428531047905,0.7192349328246783,0.47876883143653415,False
4371,Raspadori,119,31,"(1, 0, 1)",267.5559407301548,0.6984080995210044,0.5504807083529418,False
4377,Castrovilli,105,14,"(1, 0, 1)",243.48247410587146,0.7301839583600561,0.3337282701868941,False
4404,Thorsby,112,48,"(2, 0, 1)",229.60931000683826,0.4746749001828287,0.3659040429929048,False
4409,Rrahmani,141,59,"(1, 0, 1)",295.3901631618621,2.352887138451651,0.49524769477158204,False
4421,Augello,156,37,"(2, 1, 1)",277.199830408242,1.2736100108920378,0.413304662201369,False
4427,Malinovskyi,128,43,"(1, 0, 0)",278.9439827345833,0.6769512721713672,0.4656115977416876,False
4479,Elmas,115,41,"(1, 0, 0)",204.28793726016173,0.519285206375727,0.4863837427248164,False
4510,Rafael Leao,157,62,"(1, 0, 0)",420.60486943988377,0.9460915721446318,0.6759076678847071,False
4530,Kyriakopoulos,117,34,"(2, 1, 1)",188.57982249355882,1.9332978484181917,0.34961131417577057,False
4751,Tomori,106,50,"(2, 0, 1)",238.70701367297738,1.4126505609330267,0.32466095678103246,False
4890,Tameze,136,32,"(1, 0, 1)",263.53917136355653,0.6830780699273289,0.426124551534544,False
4892,Saelemaekers,137,57,"(2, 1, 1)",296.72150606568124,0.8541708771060323,0.4729930728474196,False
4957,Montipo',145,71,"(1, 0, 1)",267.70950279639146,0.6571258079906127,0.36770049858415793,False
4965,Marin,133,27,"(1, 0, 1)",249.8896657463186,1.4537993519703822,0.45669911844766514,False
4970,Messias,104,35,"(2, 1, 1)",232.5327412898342,1.4289936260601144,0.3465008453114005,False
4992,Gyasi,136,37,"(1, 0, 1)",295.40430980377494,0.5493057009811995,0.38118738036782995,False
5007,Ilic,113,24,"(1, 0, 0)",216.43259623661208,0.7936007658514145,0.3597255776742765,False
