squadra,categoria,nome_forum,analisi_forum,player_id
ATA,CONSIGLIATO,EDERSON,"Una manna dal cielo la sua mancata cessione allo Utd. In questo nuovo schema tattico potrebbe esaltarsi ed essere un eccellente pescata a prezzi ""stracciati"" rispetto ad altri strapagati. Va ancora vista la composizione finale del cc Atalanta ma ad oggi e pure a domani ( ) lui sarà un punto fermo di questa squadra. Avrà titolarità garantita salvo turn over o infortuni, ha le caratteristiche (già dimostrate in mezza stagione di Salernitana) per portare bonus che in una squadra abbastanza offensiva non è malaccio, quando in campo avrà ALMENO la sufficienza assicurata e non verrà mai pagato quanto i top anche se a nostro avviso il suo rendimento potrebbe non discostarsi troppo dal loro. Insomma, quest'anno il brasiliano va preso, senza se e senza ma!",5792
ATA,POSSIBILE SORPRESA,CARNESECCHI,"Avrebbe tutte le carte in regola per potersi riconfermare ad alti livelli (lo scorso anno secondo portiere per MV dietro a Falcone e secondo portiere per FM dietro solo a Milinkovic Savic che però ha 11 partite in meno giocate) l'unica cosa che ci fa titubare dal metterlo tra i consigliati è il prezzo che potrebbe raggiungere in fase d'asta. Per noi avrebbe tutte le carte in regola per fare un pò come Svilar degli ultimi due anni e cioè mantenere bene o male gli stessi numeri (Svilar24/25 MV6,32 - FM5,38, Svilar 25/26 MV6,26 - FM5,45). Per questo motivo non abbiamo voluto alzare gli indici rispetto alla scheda dell'anno passato. Le incertezze che però ci sono (in particolare) quest'anno sui top portieri o presunti tali, ci lasciano pensare che anche il prezzo di porta Atalanta potrebbe essere troppo rispetto alla resa che comunque potrebbe avere. In parole povere, Carnesecchi che viene snobbato o che non va ai prezzi di portaJuve/Inter/Napoli o quella che vedete meglio scegliete voi, si prende ad occhi chiusi, perchè farà ancora bene sicuramente sotto il profilo delle parate. Igol secondo noi saranno ancora simili (35 lo scorso anno e 34 quello prima) all'inizio non sarà facile per i difensori assimilare gli schemi del nuovo mister e della nuova disposizione tattica e quindi qualche gol in più me lo aspetto, ma una volta trovata la quadra torneranno i voti da mod e i CS. Insomma, puntateci ma ad una certa somma il gioco potrebbe non valere più la candela, i big strapagati dello scorso anno insegnano!",4431
ATA,POSSIBILE SORPRESA,SCAMACCA,Senza gli infortuni sarebbe un top di reparto al pari di Malen e Lautaro purtroppo però questi ci sono sempre stati e probabilmente continueranno ad esserci nonostante il Mister abbia dichiarato che punta a far fare più partite possibili Zano a Scamacca. Per quanto visto finora sarebbe da sconsigliare ma crediamo sia solo un periodo dove deve capire i nuovi compiti che gli richiede il Mister rispetto al passato la sua tecnica non si discute anche se fosse in un contesto non suo più poco più di 10 goal sono ampiamente alla sua portata. dovesse poi essere confermato rigorista guadagnerebbe ancora più appeal sperando che la salute lo assista potremmo avere un semi top in attacco senza pagarlo da tale. Noi per uno Scamacca che si porta comunque qualche incognita fisica dietro arriveremmo anche ad un 20% di budget non è poco ma per la quantità di bonus che ha nelle corde il prezzo è ragionevole. Questo è il nostro personale prezzo in base alla vostra paura sul suo rischio infortuni calate o aumentate la percentuale in base alle vostre sensazioni resta comunque uno dei migliori attaccanti di questa serie A.,2137
ATA,SCONSIGLIATO,KOLASINAC,"Con Kola hai la certezza che se gioca lo fa sempre bene, il problema sarà capire se Sarri lo farà giocare. La sua duttilità è certamente un arma a suo vantaggio ma per entrambi i suoli che può coprire (DC ed TS) c'è molta concorrenza: Bernasconi ed Ahanor magari non saranno migliori di lui (probabilmente però si visto che il bosniaco non è più di primo pelo e non ce lo vedo benissimo a correre sulla fascia, ma magari con dei compiti molto più difensivi può ancora dire la sua) ma certamente ci sono tutti gli interessi per valorizzarli e dare loro più minutaggio possibile rispetto a chi è a fine carriera, io credo che al massimo, li ci possa giocare in conference ma resto titubante anche su questo. Come centrale ( l'unica volta che lo ha avuto a disposizione il mister lo ha usato li) ci sono comunque HIen, Scalvini, Djimsiti, Kossonou e forse anche Obric che gli contendono il posto, non sarà per niente facile per lui ritagliarsi un pò di posto quindi anche per voi vi diciamo che per Kola, già 1, potrebbe essere troppo rischioso",2640
ATA,SCONSIGLIATO,DE ROON,"E' sempre stato l'eccellenza del tappabuchi modello, con l'inizio della nuova stagione però questo status decennale è a rischio. Con Gaetano specifica richiesta del mister e forse un nuovo innesto ancora in quella posizione abbiamo paura che il voto non sarà più così sempre scontato e difficili da prevedere. Se in più ci aggiungiamo che un posto sarà certamente di Ederson nei 3 a metà, va da se che per l'ultimo posto se la giocano in troppi e lui non è nemmeno tra i più papabili da schierare li.. Quindi potete tirare le somme anche voi sulla sua appetibilità, che diventa molto più bassa rispetto al passato",22
BOL,CONSIGLIATO,ROWE,"La scelta sul consigliato, per chi ha visto effettivamente le partite del Bologna la scorsa stagione, non può che ricadere sul funambolo inglese. Tante le motivazioni per cui vi invitiamo a considerarlo nella vostra batteria, specialmente se come ci aspettiamo venisse rimesso tra i centrocampisti. La più ovvia è che parliamo di un giocatore fuori categoria per gli standard della piazza, con un passo diverso ed una capacità di saltare l'uomo assai rara nella nostra massima serie. La seconda è che potrebbe beneficiare della presenza di una punta d'appoggio e di presenza in area, che gli permetta di andare al tiro e/o di regalare diversi assist. L'ultima è che l'assenza di coppe dovrebbe permettergli di rifiatare maggiormente, anche se nella scorsa stagione non che ce ne fosse stato granchè bisogno. Chiaramente non parliamo di un top assoluto di reparto, complice anche qualche possibile 'mattata' se i difensori avversari lo prendessero di mira, ma di un esterno estremamente forte con le potenzialità per diventare tale in questa stagione.",6844
BOL,POSSIBILE SORPRESA,HELLAND,"Arrivato a Gennaio, peraltro dopo averlo affrontato nelle nottate europee, il giovane Eivind ha già mostrato qualche sprazzo di ottimo calcio nel finale della scorsa stagione. Se da una parte Heggem si dedica più alla legna che all'impostazione, dall'altra il ragazzotto alto 1.96 sembra avere delle ottime doti di lettura e di costruzione dal basso. Certo, prima di raccogliere quella che sarà l'eredità di Lucumì ce ne vorrà di tempo, e comunque c'è un Vitik che scalpita dopo una stagione con più luci che ombre, tuttavia ci sono grandi potenzialità e sotto sotto una futuribile coppia di giganti norvegesi titolari un po' gasa.",7326
BOL,POSSIBILE SORPRESA,BERNARDESCHI,"Promozione per Bernardeschi rispetto allo scorso anno, dove un po' severamente lo avevamo colorato di rosso. Complice i periodi di calo di Orsolini, l'anno scorso si è affermato per alcuni tratti il titolare della fascia dx, portando in dote un buon score finale complessivo di gol e assist. Quest'anno non ci sono le coppe ed il talentino di Carrara andrà verso le 33 primavere, ciononostante sembra aver ritrovato una buona dimensione in quel di Bologna, con una ottima tenuta fisica. Va considerato che la concorrenza è alta sia sulla trequarti che sull'esterno, ma Tedesco lo ha provato anche come mezz'ala associativa con buoni risultati nella preparazione. Ed in assenza di Orsolini dovrebbe essere il rigorista designato. Scommessa che può valere una manciata di crediti.",184
BOL,POSSIBILE SORPRESA,DOVBYK,"Arrivato in maniera forse inaspettata, di fatto a sostituire il toto Castro come punta titolare dei rossoblu. Parliamo di un calciatore non più giovanissimo ma nemmeno espertissimo di campionato italiano dopo due stagioni a Roma con più ombre di luci. Sappiamo che Tedesco lo avesse cercato già quando era in Turchia e lo stima, avendolo convinto della destinazione nonostante l'assenza delle coppe. Come inquadrarlo quindi? Viene da una stagione tribolata per via degli infortuni, ma la società ha avuto ampie rassicurazioni sulla sua tenuta fisica. Sa sicuramente fare gol, altrimenti non avrebbe comunque portato a casa 14 centri alla prima stagione italiana, senza dimenticare il titolo di capocannoniere l'anno precedente nella Liga spagnola. La nostra impressione è che, SE riesce a riprendersi fisicamente e soprattutto mentalmente, potremmo rivedere un bomber d'area che sotto le due torri manca da tantissimo tempo. Non va tuttavia dimenticato che la società possa liberarsi di Dallinga per affiancargli un profilo pronto in modo da costruire una coppia valida per una stagione competitiva. Non è un profilo su cui fare pazzie, vale la spesa di un potenziale terzo slot con la doppia cifra alla portata, senza spingersi verso cifre che si riservano a centravanti di squadre di medio-bassa classifica con meno incognite e titolarità assicurata.",6675
BOL,SCONSIGLIATO,ZORTEA,"Una delle più grandi delusione della scorsa stagione, anche in virtù della spesa che i rossoblu hanno esercitato per prelevarlo a titolo definitivo dal Cagliari. Forse non proprio a suo agio nella difesa a 4, in più occasioni è sembrato pestarsi ai piedi con Orsolini quando si affacciava davanti, e disattento quando si trovava a difendere. Non verrà fatto cadere nel dimenticatoio, ma al momento risulta difficile consigliarne l'acquisto, anche in virtù del ballottaggio serrato che si può aspettare con Holm (o suo sostituto).",4433
BOL,SCONSIGLIATO,DOMINGUEZ,"Da wonderkid del finale di stagione 24-25, Benjo sembra essere diventato l'ultima delle alternative sulle fasce. Qualche presenza ed un solo assist la scorsa stagione, bottino miserissimo nonostante qualche occasione gli sia stata data. Troppo gracile e fumoso per la massima serie italiana, è probabile che gli venga cercata una sistemazione quest'estate, qualora comunque rimanesse non vale nemmeno una spesa scommessa da ultimissimi slot.",6895
CAG,CONSIGLIATO,FAZZINI,"Andati via i nostri giocatori più tecnici, Fazzini è l'acquisto che dovrebbe prendere il loro posto sotto questo profilo; al momento, non c'è nessuno più indicato di lui per essere il leader tecnico della squadra, cosa che può tradursi in voti più alti rispetto ai compagni di squadra dato che potrebbe essere l'unico a provare a creare qualcosa in partite in cui le cose dovessero mettersi male, tenendo conto che ha un discreto dribbling e potrebbe risaltare agli occhi dei giornalisti se ispirato. Non sappiamo se alla lunga giocherà sulla trequarti o come mezzala; nel secondo caso magari sarà più lontano dalla porta, però è bravo a inserirsi e qualche bonus pesante ci aspettiamo lo porti lo stesso. Inoltre pare si stia già incaricando di tirare angoli e punizioni dirette e indirette, cosa che potrebbe anche dargli qualche assist. Insomma, non è un top, però è il nostro giocatore più valido a centrocampo, e probabilmente in generale rispetto al ruolo: se non ci sarà troppo hype nei suoi confronti, si può portare a casa una bella presa a una cifra ragionevole.",6010
CAG,CONSIGLIATO,CAPRILE,"Non un portiere che utilizzeremmo come primo, se non in leghe molto numerose, tipo dai 14 in su: il motivo è che sarà difficile subire meno di 50 gol in campionato, e purtroppo questo aspetto non dipende da lui. Da lui però dipendono i voti, che in generale sono abbastanza alti e lo rendono un buon profilo da modificatore, così come la costanza (sbaglia qualche partita, ma relativamente poche nell'arco di una stagione). C'è il problema che non è facile da gestire, dato che le partite che sbaglia raramente sono contro le grandi, mentre contro le squadre di alta classifica ha una percentuale di clean sheet più alta di quello che ci si aspetterebbe; per questo motivo, ha forse senso utilizzarlo come secondo di un portiere discreto ma non eccezionale, e utilizzarlo quando il primo ha partite che vorreste evitare - in altre parole, regolarvi sulle partite dell'altro più che sulle sue. Di buono c'è che potete prenderlo anche senza riserva, dato che le gerarchie sono consolidate.",4360
CAG,POSSIBILE SORPRESA,OBERT,"Difensore dalla titolarità dubbia e prestazioni non eccezionali: questo era Obert fino a metà della scorsa stagione. Da allora è migliorato molto, interpretando bene il ruolo di esterno del 352 (anche se in maniera meno offensiva rispetto a Palestra sull'altra fascia), migliorando la sua media voto, risultando spesso sufficiente e portando anche qualche assist, cosa che non stupisce dato che con i piedi ha fatto vedere qualcosa di valido anche prima di questo turning point . Probabilmente quest'anno giocheremo con la difesa a quattro: questo non dovrebbe rappresentare né un problema né un grande cambiamento per lo slovacco, che potrà comunque giocare in maniera non troppo diversa dalla scorsa stagione, anzi senza Palestra potrebbe essere anche più offensivo. Non ci aspettiamo un terzino da bonus (ok, magari un gol e tre assist li fa anche, ma non stiamo parlando del Nuno Tavares di due anni fa): quello che ha senso aspettarsi è un difensore per riempire il reparto, che però performa meglio della scartina titolare a 1 presa come riempitivo, sia in termini di bonus che di MV.",5701
CAG,POSSIBILE SORPRESA,MALDINI,"Sinora non ha fatto nulla di eccezionale in carriera, soprattutto in termini fantacalcistici. Alcuni giocatori però sono venuti fuori a Cagliari, chissà se non succeda anche con lui: con ottime probabilità sarà titolare, e si ritroverà come giocatore offensivo in un contesto che, almeno nel precampionato, dà l'impressione di creare gioco nonostante i pochi gol segnati. Inoltre potrebbe incaricarsi di tirare alcuni piazzati, non sappiamo se i rigori dato che sono un punto di domanda enorme fino a quando non ce ne danno uno, ma resta una possibilità. I numeri che ci aspettiamo non sono molto alti per un attaccante, ma può rappresentare una discreta copertura che dovrebbe garantire il voto sempre e ogni tanto può essere schierata titolare, mentre da centrocampista può essere una bella scommessa che magari ora non va a costare tantissimo e può portare un discreto bottino di gol, e da T al Mantra un'alternativa ai titolari, o una discreta seconda T. Non pagatelo tanto, ma ricordatevi il suo nome durante l'asta, quando magari state finendo gli attaccanti o i centrocampisti da bonus.",4896
CAG,SCONSIGLIATO,MINA,"Forse non ve lo aspettavate e in realtà è più un monito che un vero e proprio sconsigliato. Mina anche quest'anno ha rifiutato varie offerte estere, è il leader di questo Cagliari e quando sta bene giocherà sicuramente titolare. Vi mettiamo in guardia circa la sua condizione fisica, l'anno scorso ha giocato 26 partite, quest'anno potrebbero essere anche di meno considerando che ha saltato la preparazione e tornerà ad allenarsi con la squadra la settimana della Coppa Italia. La nostra indicazione è di non spendere tanto per lui, perchè Mina all'asta di Agosto, papabile rigorista, va sempre abbastanza alto. Quest'anno sia Deiola che Kofler potrebbero farlo rifiatare più di una volta, gli anni passano anche per lui, anche rimanendo la colonna difensiva dei rossoblu.",4210
CAG,SCONSIGLIATO,BORRELLI,"Anche lui potrebbe essere pagato più del dovuto, soprattutto nelle prime aste, quando verrà dato ancora titolare. Borrelli è un giocatore molto utile per la manovra di gioco, bravo a proteggere il pallone, a fare sponde e guerre con i difensori avversari, ma lato bonus lascia parecchio a desiderare (3 su 5 gol li ha segnati a porta libera). In avanti la concorrenza è tanta, dubitiamo possa fare il titolare, sarà magari più utile a partita in corso. Se giocate in leghe a 8 o a 10, non considerate per nulla il suo acquisto, da 12 in poi si può iniziare a ragionarci.",6243
COM,CONSIGLIATO,DOUVIKAS,"La nostra sensazione che rispetto ad altri colleghi può andare più sottotraccia. Il potenziale offensivo del Como è molto elevato e lui è in grado di raccogliere al meglio la quantità di palloni che gli verrà servita. Ci sentiamo che anche quest'anno può dare il suo contributo, come già anticipato, con almeno un 15 goal.",7017
COM,CONSIGLIATO,PERRONE/DA CUNHA,"Si, non vogliamo andare sul classico Paz e Baturina, perchè noi sappiamo già che loro sono i pezzi da 90. Noi vogliamo valorizzare gli outsiders. Entrambi hanno una fantastica media voto anche senza bonus, ma per non farci mancare nulla anche quelli poco a poco si sono accumulati. Da Cunha ha il plus di essere anche rigorista. Se volete solidità al vostro centrocampo, loro fanno al caso vostro",6151
COM,CONSIGLIATO,RAMON,"Uno dei migliori difensori da MOD in circolazione, assolutamente nella TOP 5. Può avere un ottimo rapporto qualità/prezzo per chi vuole puntare al modificatore. E non scherziamo quando diciamo che vale quanto un Bastoni o un Bremer.",6869
COM,POSSIBILE SORPRESA,KAIKI,"L'impressione fin qui (dalle amichevoli) è che Kaiki ha dei margini di miglioramento e parte da una base solida. Confrontandolo con Valle, lo spagnolo tecnicamente e atleticamente ha tanto da offrire, ma ci sembra che in alcune giornate è fenomenale, in altre completamente distratto. Il brasiliano alla lunga può dare delle garanzie a Fabregas che Valle per certi versi non ha dato, anche perchè con una difesa molto alta, Kaiki ci sembra avere maggiore concentrazione ed ""elaborazione dati"" (tradotto, fare la scelta giusta in momenti difficili).",7414
COM,POSSIBILE SORPRESA,MILLA,"Anche qui ci buttiamo su uno degli ultimi arrivati. Pensiamo che sia uno dei giocatori che più verrà usato da Fabregas, perchè ci sembra molto versatile e con basi tecniche/atletiche abbastanza consolidate. E' vero, non è trai più giovani in rosa, ma da l'impressione di essere letteralmente un ""professionista"" e poter avere tante energie da spendere. Ci aspettiamo un giocatore che potrebbe darvi diversi 6.5. Invece dal lato bonus non mancano gli assist però non puntatelo sperando che possa ripetere la stagione del Getafe con 10 assist (qui c'è più ""distribuzione"" dei bonus)",7412
COM,SCONSIGLIATO,KEMPF,"Sappiamo che il suo rendimento è buono, ma come al solito ci sono due fattori che ci portano qui: la concorrenza, che potrebbe aumentare e l'essere sempre coinvolto nelle nostre situazioni difficili. Cioè se il Como prende 1 goal, lui è probabilmente coinvolto nell'errore. E se il como dovesse prenderne 3, lui probabilmente è coinvolto almeno in 1 di questi 3. Quindi questo ci porta ad essere leggermente ""attenti"" a puntarci con ferma certezza. Non è da evitare come Morata, ma non fatevi ingolosire dai goal e spendere troppo su di lui. Scommessa da pochi crediti.",6893
COM,SCONSIGLIATO,CAQUERET,"Purtroppo dobbiamo inserirlo in questa sezione, ma per diversi motivi. Ad 1 credito potrebbe sicuramente essere un acquisto accettabile, ma temiamo che le tante alternative potrebbero anche ritoccare il suo minutaggio. Finora nel precampionato non ci è sembrato troppo coinvolto, cioè si è molto limitato a fare il compitino. Se qualcuno ci scommette è per avere quanto meno delle chance di bonus, perchè a livello di titolarità o voto ci sono giocatori più affidabili, per questo in lega a 10 ad 1 credito va bene, altrimenti valutate altri tappabuchi",5036
COM,SCONSIGLIATO,MORATA,Non ve lo aspettavate eh?,313
FIO,CONSIGLIATO,DE GEA,"Le doti del portiere iberico le conosciamo. Al suo primo anno a Firenze ebbe un impatto semplicemente devastante e riuscì a smentire chiunque lo considerasse ormai finito, portando a casa ""solo"" 38 gol subiti, 11 clean sheet, 2 rigori parati e una MV di 6,34, che lo mise in cima alla classifica dei portieri insieme a Carnesecchi. Fu anche il terzo assoluto per FM. L'anno scorso anche lui ha risentito delle difficoltà della squadra, con un numero di reti subite ben superiore (49), 10 clean sheet, un rigore parato e una MV comunque valida di 6,21. E' risultato l'undicesimo portiere per FM, dato comunque discreto se si considera che la squadra ha lottato a lungo per non retrocedere. Che annata ci aspettiamo quest'anno? La parola d'ordine del calcio di Grosso sembra essere ""equilibrio"". Il tecnico si è distinto a Sassuolo non solo per i risultati ottenuti, ma anche per una fase difensiva attenta del quale il primo a beneficiare potrebbe essere proprio De Gea. E' vero che sarà difficile ripetere i fasti della stagione 24-25, ma al tempo stesso ci aspettiamo un sensibile miglioramento rispetto alla stagione scorsa. Crediamo che De Gea possa assestarsi immediatamente sotto ai portieri delle big in termini di rendimento complessivo, distinguendosi per una MV molto interessante, che potrebbe essere importante soprattutto per chi utilizza il modificatore. I numeri non eccezionali dell'anno scorso inoltre potrebbero limitare il suo valore in sede d'asta e potrebbe rivelarsi davvero una bella presa, magari in abbinamento a un altro titolare di una medio-piccola nel caso di leghe dai 10 in giù.",2521
FIO,CONSIGLIATO,ATTA,"Il talento francese si candida ad essere l'uomo in più del centrocampo viola. La sua ascesa è impressionante e, dopo un anno di ""rodaggio"", l'anno scorso è esploso definitivamente in quel di Udine, consegnando ai bianconeri una stagione da 5 gol, 3 assist e MV di 6,36, segno di una continuità impressionante (appena 5 voti sotto il 6) e di una grande capacità di essere decisivo nella metà campo avversaria. L'approdo a Firenze sembra essere l'ulteriore step da completare prima della consacrazione definitiva in una big e i tifosi della Fiorentina sperano proprio che Atta riesca a dimostrare di poter fare ancora di più. Le doti ci sono tutte e il gioco di Grosso, capace di esaltare le mezzali complete come lui, sembra il contesto giusto per far si che possa regalare ai suoi fantapossessori una stagione da protagonista assoluto. L'aspetto negativo è legato alla ""mediaticità"" del suo acquisto che, sicuramente, vi renderà difficile pagarlo poco. Tuttavia abbiamo pochi dubbi sul suo rendimento e crediamo che possa rappresentare un perfetto secondo slot (anche primo in leghe numerose). Fate solo in modo di non strapagarlo, a meno che non arriviate con tanti crediti e vi vada di mettere a tutti i costi una ciliegina sulla torta.",6908
FIO,POSSIBILE SORPRESA,VIERY,"Il brasiliano classe 2006 sembra essere il prototipo del difensore moderno. Nasce terzino e pertanto è dotato di una buona tecnica, che lo rende efficace in impostazione. Non è altissimo, ma comunque abile nel gioco aereo, oltre a essere piuttosto rapido e - da quanto leggiamo - anche brillante dal punto di vista del posizionamento, delle letture difensive e dei contrasti. Insomma, sembra avere tutto per fare bene, ma è nostro compito anche limitare gli entusiasmi. Parliamo comunque di un giocatore che arriva dal campionato brasiliano, dove spesso le difese sono abbastanza allegre e pertanto dovrà inevitabilmente adattarsi rapidamente al tatticismo della serie A. Se dovesse riuscirci allora potrebbe rivelarsi una presa molto interessante, dato che ha dimostrato di saper essere pericoloso anche sul gioco aereo in area avversaria. Che fare quindi con lui? Noi vi consigliamo di non pagarlo più di tanto e di inquadrarlo - come dice questa sezione - in uno slot sorpresa. Preso a poco potrebbe infatti rivelarsi una nota lietissima per le vostre rose, ma al tempo stesso non neghiamo che c'è il rischio che in caso di qualche errore di troppo possa scivolare indietro nelle gerarchie, con due vecchie volpi come Ranieri e Pongracic che non vedono l'ora di soffiargli il posto.",7410
FIO,POSSIBILE SORPRESA,GUDMUNDSSON,"Da leggere con attenzione: il mercato di Paratici è stato esplosivo in queste settimane e c'è tanto hype sulla squadra. Per questo probabilmente tanti giocatori viola saranno pagati tanto, forse anche troppo in relazione al potenziale reale. Quindi noi mettiamo qui un giocatore che, al contrario, non avrà i riflettori puntati addosso, complice un'esperienza a Firenze che fin qui ha scottato tanti fantallenatori. E perché metterlo fra le sorprese? Proprio perché comunque sembra che al momento non ci siano tante offerte per il giocatore, che potrebbe rimanere in viola, e quindi potreste riuscire a portarlo a casa per poco, soprattutto se fate l'asta con il mercato ancora aperto. È probabile che qualche innesto sugli esterni offensivi arrivi comunque, ma il campionato sarà lungo e dispendioso e, anche se non dovesse partire come un titolare sulla carta, il giocatore avrà modo di ritagliarsi un po' di spazio e parleremmo, a prescindere, di un centrocampista che gioca in attacco e che probabilmente si incaricherà di diversi piazzati (rigori compresi) quando in campo. Insomma, il classico prospetto che preso a pochi crediti e con poche aspettative potrebbe rivelarsi una sorpresa utile a completare le vostre rose.",5800
FIO,SCONSIGLIATO,PONGRACIC,"Il buon Marin al momento sembra destinato a rimanere in rosa, ma il rischio di una stagione da rincalzo si fa concreto. Con le uscite di Moreno e Comuzzo e con il giovane Kospo che sembra destinato ad andar via in prestito, il croato rimane l'unica alternativa di piede destro a Dragusin, che però, con ogni probabilità, sarà un titolare fisso. Di fatto quindi per Pongracic sembra esserci speranza solo come centrale di sinistra, ma anche in quella posizione ci pare improbabile che riesca a scalzare sia Viery che Ranieri, i quali sono entrambi mancini naturali e quindi più adatti a giocare a sinistra. Ecco che quindi, di fatto, Pongracic si ritrova a essere al massimo una buona alternativa ai titolari, fattore che ne mina parecchio l'utilità fantacalcistica. A questo aggiungiamo che, di fatto, si tratta di un giocatore buono solo per il voto, in quanto la sua MV non è mai stata particolarmente regolare, che non sia per nulla prolifico a livello di bonus, che soffra qualche problema fisico di troppo e - infine - il numero decisamente alto di cartellini che rimedia. Insomma, resta davvero poco di buono e pertanto vi consigliamo di stare alla larga da lui, a meno che non facciate leghe davvero numerose e lo vogliate prendere a copertura di Dragusin.",5603
FIO,SCONSIGLIATO,MANDRAGORA,"In questo caso non parliamo di uno sconsigliato in senso assoluto. Anzi, il buon Rolando resta un interprete che ci piace molto e che pensiamo potrà avere un ruolo comunque importante nella stagione viola. Tuttavia, ci sembra doveroso suggerirvi di stare molto attenti con lui. Mandragora infatti è reduce da una stagione sorprendente: nonostante l'andamento pessimo della Fiorentina, l'ultima annata l'ha visto protagonista di un exploit importante, non solo per i 7 gol siglati, ma anche per una serie di prestazioni di alto livello che l'hanno visto spesso premiato dai pagellisti, e con buon merito. Soprattutto nella prima parte del campionato, quando la squadra sembrava colare a picco, Mandragora è stato spesso il migliore dei suoi dimostrando grande attaccamento e voglia di fare, fatto che gli ha permesso di portare a casa una MV importante. Perché lo sconsigliamo allora? Perché crediamo che sarà molto difficile per lui confermare questi numeri, ma al tempo stesso siamo consapevoli che difficilmente in un'asta un centrocampista reduce da 7 gol possa passare inosservato. Anzi, il rischio che venga pagato cifre importanti è concreto e noi vi diciamo serenamente che in quel caso è meglio rinunciare senza troppi patemi. Grosso infatti sembra intenzionato ad arretrare il suo raggio d'azione, facendolo giocare da mediano davanti alla difesa e, perciò, in una posizione più lontana dall'area avversaria. Aggiungiamo che in quella posizione è stato preso anche Inao Oulai, che sicuramente parte davanti a Rolando nelle gerarchie, e capite bene che il rischio è quello di ritrovarvi un giocatore che non garantirà il voto a ogni giornata (anche se crediamo che comunque lo potrà portare spesso) e che difficilmente potrà avvicinare il numero di bonus raggiunti nelle scorse annate. Insomma, resta un elemento che può essere valido per completare il reparto, sperando che Oulai paghi l'impatto con il nuovo campionato, ma vi sconsigliamo di valutarlo più di pochissimi crediti e di assegnargli uno slot superiore agli ultimissimi del vostro centrocampo.",1933
FRO,CONSIGLIATO,GHEDJEMIS,"Talento a dir poco cristallino, vero funambolo e spina nel fianco di qualsiasi difensore l' anno scorso in cadetteria. Trascina il Frosinone alla promozione in A e si candida ad essere la stella della squadra. 15 gol e, si spera, definitiva consacrazione del calcio che conta? Arrivò in Ciociaria nel gennaio 2024 come riserva di Soulè, oggi potrebbe ricalcarne le orme. Le speranze di salvezza del Frosinone passano anche dai suoi piedi, l' algerino è pronto ad esplodere",6530
FRO,CONSIGLIATO,CALO',"Il secondo ""fenomeno"" della squadra è sicuramente lui. Jack Calò arriva finalmente in serie A pronto a giocarsi le sue carte dopo una stagione strabiliante in serie B. 15 assist e 10 gol per il nostro folletto pronto a disegnare calcio anche nella massima serie. Arriva all' alba dei 30 anni nel miglior panorama calcistico nazionale e siamo sicuri che tanti parleranno di lui appena lo vedranno all' opera. Giocherà davanti la difesa ma è il designato per ogni singolo calcio piazzato: Rigori, punizioni e angoli saranno tutti di sua competenza. Siamo sicuri che il nostro ""mago del centrocampo"" sarà pronto a sfornare bonus per i suoi fantallenatori",7472
FRO,POSSIBILE SORPRESA,HASA,"Luis Hasa arriva a titolo definitivo dal Napoli dopo aver disputato una grandissima stagione in serie B con la Carrarese in cui ha giocato 31 partite condite da 5 gol e 4 assist. Piede educatissimo, grande tecnica individuale, visione di gioco e rapidità nello stretto lo rendono la mezzala che mancava al Frosinone. Inoltre, spesso viene coinvolto nella manovra offensiva ed è abilissimo negli inserimenti senza palla. Due anni fa, in prestito a Lecce, non incise per niente, totalizzando solo 1 presenza. Dopo l' esperienza in B, Hasa è pronto a rimettersi in gioco per dimostrare a tutti che in questo campionato può starci. Quest' anno trova una squadra che gli ha dato fiducia, comprandolo dal Napoli a titolo definitivo a 2,5 milioni di euro. Sarà pronto a ripagare le aspettative? il nostro chip sulla sorpresa di quest' anno và su di lui",6903
FRO,SCONSIGLIATO,CENTRALI DI DIFESA,"Al netto di chi giocherà o chi arriverà, stiamo parlando di una squadra neopromossa, votata all' attacco, che potrebbe ricalcare le orme dell' ultima apparizione in serie A quando alla guida c' era Di Francesco. Probabilmente questa squadra potrebbe essere più solida, ma giocando all' attacco come già confermato da Mister Alvini, il rischio di diversi gol presi è elevato. Questo inevitabilmente porterà a malus e voti horror soprattutto per i centrali. Schierare uno di loro potrebbe essere spesso un azzardo",
GEN,CONSIGLIATO,COLOMBO,"Letteralmente rinato sotto la cura De Rossi, può fare quel salto di qualità definitivo e con la fiducia che avverte può attestarsi come un perfetto terzo slot nei vostri attacchi, senza pagarlo troppo; chiaramente non è diventato un bomber di razza, e qualche occasione e relativa insufficienza potrà arrivare, ma crediamo che la doppia cifra sia tutt'altro che irraggiungibile",4923
GEN,CONSIGLIATO,OSTIGARD & VASQUEZ,"I due baluardi difensivi, il norvegese più bomber (e occhio ai rigori...) e con qualche più errore difensivo commesso, il messicano sempre più certezza da modificatore e che fa della costanza il suo marchio di fabbrica; potete puntare comunque su entrambi, visto che il mister ha dimostrato di dare molto valore alla fase difensiva e di conseguenza i loro voti potrebbero ulteriormente beneficiarne",5750
GEN,POSSIBILE SORPRESA,PUCZKA,"Alt! Iniziamo con il precisare che comunque lui non è un titolare e la zona di campo sia davanti che dietro è molto affollata, ma proprio per questo potrebbe passare sottotraccia ed essere un colpo low cost ad 1 da mettere lì; lui ha caratteristiche nettamente offensive e sebbene potrebbe soffrire dietro, specie in determinate partite potrebbe risultare decisivo con qualche suo inserimento",7413
GEN,POSSIBILE SORPRESA,MEICHTRY,"Occhio a questo ragazzone Ha dimostrato di avere ottime qualità e soprattutto, giocando in posizione avanzata, potrebbe giovarne e risultare un'ottima scommessa per il vostro centrocampo, specie in ottica assist",7409
GEN,SCONSIGLIATO,MARTIN,"Purtroppo ad oggi è abbastanza fuori dal progetto, lui avrebbe tutte le qualità specie per portare +1 con il piede che si ritrova, ma non possiamo che inserirlo qui seppur a malincuore",2593
INT,CONSIGLIATO,PORTA INTER,"La scelta del portiere al Fantacalcio dovrebbe considerare l'equilibrio tra il valore dell'estremo difensore e la solidità della squadra davanti a lui. In forza di ciò, noi crediamo che il passaggio da Sommer a J. Martinez possa rappresentare un possibile upgrade per la porta dell'Inter. I dati della scorsa stagione raccontano una situazione piuttosto particolare: secondo Understat, l'Inter ha chiuso il campionato con la miglior difesa della Serie A per xG concessi (35,0), subendo esattamente 35 gol. Questo significa che la squadra ha concesso meno rispetto ad altre squadre e che il reparto difensivo ha lavorato ad ottimi livelli. Non a caso i nerazzurri hanno chiuso anche tra le squadre con il maggior numero di clean sheet del campionato; analizzando invece il rendimento del singolo portiere emerge un dato interessante. Secondo FotMob, Sommer ha terminato la stagione con -2,4 gol evitati, il 19° dato della Serie A, davanti al solo Montipò (-10,7). Per avere un termine di paragone, i migliori portieri del campionato sono stati Maignan (+10,5), Carnesecchi (+7,1), Falcone (+6,4), Provedel (+5,9) e Svilar (+4,7). I dati non mostrano necessariamente che Sommer abbia disputato una stagione negativa (anche se per noi lo è stata) ma evidenziano come il contributo del portiere sia stato inferiore rispetto a quello offerto dalla struttura difensiva della squadra. In altre parole, l'Inter ha costruito la propria solidità soprattutto grazie al collettivo. Ed è proprio qui che vediamo il potenziale di Josep Martinez. Se l'Inter riuscirà a mantenere gli stessi standard difensivi, il nuovo titolare potrebbe beneficiare di un contesto estremamente favorevole, con poche occasioni concesse e un elevato potenziale di clean sheet. Inoltre, dalle prime uscite, Martinez ha mostrato caratteristiche diverse rispetto a Sommer come: maggiore aggressività nelle uscite, più presenza sui palloni alti e maggiore reazione sulle respinte. A rendere ancora più interessante il pacchetto c'è la scelta di affiancargli Provedel, un secondo affidabile che garantisce copertura in caso di turnover o imprevisti. Inoltre, ci aspettiamo che il reparto possa fare un ulteriore passo avanti grazie ad un anno di lavoro in più sui principi di gioco di Chivu, l'inserimento di Stones ed il rientro momentaneo di Pavard che sulla carta possono alzare ulteriormente il livello della linea difensiva. Per questi motivi consideriamo il duo Martinez J. + Provedel una delle porte più interessanti del prossimo fantacalcio: la base difensiva è già da top di categoria e, se Martinez riuscirà a migliorare il rendimento tra i pali rispetto a quanto fatto da Sommer nella voce gol evitati, vi sarà il margine per vedere una stagione migliore a livello difensivo.",
INT,CONSIGLIATO,AKANJI,"Partito inizialmente come braccetto, ha trovato ben presto la propria dimensione al centro della retroguardia, diventandone il punto di riferimento. Akanji è il classico difensore che ogni fantallenatore vorrebbe avere: affidabile, continuo e raramente sotto la sufficienza. Trasmette sicurezza all'intero reparto, detta i tempi della linea difensiva e rappresenta il vero leader della fase di non possesso nerazzurra. Lo scorso campionato ha saltato soltanto le ultime tre giornate, quando i giochi erano ormai chiusi, a testimonianza di quanto fosse imprescindibile per Chivu. Alla sua eccellente media voto ha aggiunto anche un paio di bonus, dettaglio che ne aumenta ulteriormente il valore fantacalcistico. È uno dei migliori regolaristi da modificatore dell'intero listone e, nelle leghe con il modificatore difesa, rappresenta un investimento di assoluta affidabilità. Al Mantra, nel ruolo di Dc, è semplicemente un top di categoria: pagarlo il giusto significa assicurarsi uno dei pilastri difensivi dell'intera Serie A.",4159
INT,CONSIGLIATO,DIMARCO,"È stato vicino al cambio di ruolo dopo la stagione straordinaria dello scorso anno, ma averlo ancora difensore lo rende un autentico ""bug"" del listone. L'Inter sviluppa gran parte della propria manovra sulla corsia sinistra e questo gli consente di occupare stabilmente zone molto avanzate del campo. Tra assist, calci piazzati e conclusioni dalla distanza resta un top assoluto. Ripetere i numeri monstre della scorsa stagione sarà complicato, ma un bottino di 4-5 gol e 8-10 assist è assolutamente nelle sue corde.",254
INT,CONSIGLIATO,ZIELINSKI,"Archiviati i problemi fisici (vesciche) delle stagioni precedenti, Piotr è tornato a esprimersi ai livelli migliori della carriera. Tecnica, visione di gioco, inserimenti, tiro dalla distanza e possibilità di calciare i rigori in assenza di Calhanoglu: possiede tutto ciò che serve per essere un centrocampista di altissimo profilo. Leader tecnico della squadra e punto fermo di Chivu, è uno dei nomi su cui puntare con maggiore convinzione.",152
INT,CONSIGLIATO,THULA,"Più che soffermarci sui singoli, il consiglio è quello di puntare sull'intero reparto offensivo nerazzurro. Il 3-5-2 di Chivu continua a valorizzare le due punte, che si completano alla perfezione alternando movimenti incontro, attacchi alla profondità e occupazione dell'area di rigore. Un sistema ormai consolidato che, anno dopo anno, garantisce continuità realizzativa ai propri attaccanti. Lautaro e Thuram restano naturalmente i riferimenti principali e rappresentano una delle coppie offensive più affidabili della Serie A: in qualsiasi giornata hanno qualità e caratteristiche per trovare la via del gol. Alle loro spalle, inoltre, Pio Esposito e Bonny assicurano profondità al reparto e avranno occasioni importanti nel corso della stagione, soprattutto in un'annata ricca di impegni. Investire sull'attacco dell'Inter significa affidarsi a un reparto che, salvo sorprese, continuerà a essere tra i più prolifici del campionato.",
INT,POSSIBILE SORPRESA,BISSECK,"Sorpresa che vale quasi una conferma, viene inserito in questa sezione per via della presenza di un big come Stones ma Bisteccone ha tutte le carte in regola per rifare una grande stagione. Pressochè perfetto per la linea difensiva impostata da Chivu, capace di limare pure certe amnesie che talvolta lo penalizzavano, calciatore di uno strapotere fisico impressionante. Ha appena rinnovato il suo contratto e la società ci punterà forte, il ragazzo è quasi una certezza di questa squadra",6217
INT,POSSIBILE SORPRESA,DIOUF,"La sensazione è che se non dovesse arrivare nessuno di altamente competitivo dal mercato, il posto sull'out di destra sarà molto probabilmente il suo, in questo scenario Diouf può essere una scheggia impazzita che scombussola un pò le previsioni fantacalcistiche. Al mantra rappresenta una bella soluzione come E, il 3-5-2 ormai consolidato e rodato tende a premiare gli esterni che sanno inserirsi a fari spenti sul secondo palo",6274
INT,POSSIBILE SORPRESA,FRANCESCO PIO ESPOSITO,"Attaccante d'altri tempi, dominante fisicamente e letale negli ultimi sedici metri. Per movimenti e presenza in area ricorda il primo Luca Toni. Dopo un anno di apprendistato è arrivato il momento di alzare l'asticella. Gli impegni ravvicinati potrebbero garantirgli un minutaggio importante e noi crediamo che abbia tutte le qualità per raggiungere la doppia cifra bassa. Tra gli attaccanti di seconda fascia è probabilmente (più che) una scommesse intrigante del listone.",7071
INT,SCONSIGLIATO,L.HENRIQUE (se listato C),"La scorsa stagione ha deluso le aspettative e, allo stato attuale, continua a non offrire sufficienti garanzie. Diouf sembra avergli già preso vantaggio nelle gerarchie e il mercato potrebbe ulteriormente complicarne il percorso. Da centrocampista il rapporto qualità-prezzo rischia di non essere conveniente: salvo occasioni, si può tranquillamente guardare altrove.",5301
JUV,CONSIGLIATO,YILDIZ,"probabilmente il giocatore più talentuoso della squadra, un ""numero dieci"" di cui la Juve sentiva la mancanza. Se si prendono in esame i giocatori che hanno giocato almeno la metà delle partite, la scorsa stagione ha visto il turco chiudere al 12° posto dell'intero listone per fantamedia, diventando il 9° se consideriamo solo gli attaccanti. Se poi prendiamo in esame la media voto, è stato 8° in tutto il listone e 4° tra i soli attaccanti. Di conseguenza, considerando anche la giovane età e quindi il percorso di crescita ancora in atto, non possiamo non candidarlo come TOP non solo in questa Juve, ma anche negli attaccanti di questa edizione. Se riesce ad avere quella continuità che a un certo punto è venuta a mancare nel finale di stagione, può comodamente puntare alla doppia cifra come goal e, perché no, magari anche coi +1. Chiaramente non è quella tipologia di attaccante che punta ai 20 goal; piuttosto quello che ogni giornata potete schierare con tranquillità, tra buoni voti e bonus di solito ben distribuiti, che siano pesanti o leggeri.",6434
JUV,CONSIGLIATO,BREMER,"esiste una Juventus con Bremer e una Juventus senza Bremer. Basta questo per spiegare come mai il giocatore sia in questa sezione? ma andiamo comunque ad analizzare un po' più nel dettaglio. L'anno scorso in 26 partite a voto ha portato 4 gol e 3 assist con una media di 6.33. Numeri da centrocampista per questa macchina da modificatore. Classico giocatore che da il meglio nelle partite difficili: nel doppio confronto con l'Inter, l'anno scorso ne è uscito con un 7,5 (+2 assist) e un 7. In casa col Napoli ha portato a casa un 7. 6,5 a San Siro contro il Milan e a Torino contro la Roma. Da notare come in 10 occasioni ha portato a casa un voto almeno pari a 6.5, senza fare bonus. C'è da aggiungere altro?",2788
JUV,POSSIBILE SORPRESA,DOUGLAS LUIZ,"sta giocando un ottimo precampionato: gli manca ancora la condizione, ma è chiaro che vuole dimostrare di essere da Juve e di poter giocare in questa squadra. Gode della fiducia del tecnico, che potrebbe impiegarlo come incontrista/tuttocampista al posto di Thuram (per far rifiatare quest'ultimo in occasione degli impegni europei). Non diventerà titolare fisso, ma potrebbe avere molto minutaggio: è dotato di piedi molto buoni e di una forza più che discreta; i suoi inserimenti partendo da dietro potrebbero far male. Tra i vari partenti, lui è sicuramente il giocatore che ha più possibilità di rimanere e di fare bene.",4911
JUV,POSSIBILE SORPRESA,CAMBIASO,"tanti fantallenatori sono stati scottati dal giocatore l'anno scorso: pagato come semitop di reparto (specialmente al mantra, dove era una delle E migliori) ha collezionato molte insufficienze (ben 17, per una media voto finale di 5.81). Lato bonus ha comunque detto la sua (3 gol e 4 assist). Perchè finisce in questa sezione? Il motivo è presto detto: l'hype per il giocatore è diminuito (non è più il giocatore desiderato di due anni fa) e nelle vostre fantaleghe potrebbe andare via a meno. Sarà titolare indiscusso sulla fascia (sia come terzino sinistro che eventualmente come esterno di centrocampo) con discrete possibilità di bonus: nelle amichevoli, schierandosi a 4 dietro, i terzini hanno goduto di molta libertà di azione offensiva. Pagandolo il giusto, potrebbe comunque portarvi qualche soddisfazione",5520
JUV,SCONSIGLIATO,GATTI,"l'arrivo di Celik potrebbe ulteriormente affollare gli spazi dietro, col possibile slittamento di Kalulu al centro. Già lo scorso anno ha avuto poco spazio, e non pensiamo che questa stagione sarà diversa, almeno ai nastri di partenza. Difficile gestione, e all'asta rischiereste pure di non riuscire a prenderlo a 1 credito. Forse non ne vale la pena.",5831
JUV,SCONSIGLIATO,KOOPMEINERS,"speriamo che il detto ""non c'è due senza tre"" per lui non valga, e che la terza stagione possa regalargli qualche gioia in maglia bianconera. Tuttavia, a oggi, non possiamo non ribadire la poca fiducia che abbiamo in lui. Ad attestarlo, c'è il giudizio complessivo di noi esperti, nella somma che abbiamo fatto per ogni giocatore (peggio di lui a centrocampo, solo i partenti Arthur e Douglas Luiz). E' chiaro che in leghe numerose, volendo, una manciata di crediti come slot scommessa, se siete coperti, potete anche decidere di buttarcelo. Però poi finisce lì, anche perché ha parte dietro in tutte le gerarchie per i posti che potrebbe occupare, che sia in mediana o sulla trequarti. Le prospettive sono quindi poco convincenti ed esaltanti, e non lasciano molto spazio a speranze.",5685
LAZ,CONSIGLIATO,TAYLOR,"Nei primi mesi giocati in maglia Lazio ha dimostrato di possedere qualità tecniche, visione di gioco e capacità di attaccare l'area avversaria con concretezza. All'interno del reparto di centrocampo è sicuramente il calciatore che offre le maggiori potenzialità sia dal punto di vista della titolarità che da quello della ricerca del bonus. Potrebbe offrire un ottimo rendimento sia da trequartista nel 4-2-3-1, sia da mezzala in un eventuale 4-3-3, proponendosi spesso al limite dell'area avversaria e cercando la conclusione dal limite. Si è dimostrato tecnicamente valido con entrambi i piedi sia in fase di gestione che di conclusione a rete, mettendo in mostra anche una buona personalità.",7314
LAZ,POSSIBILE SORPRESA,DOEKHI,"Arrivato per sostituire Gila, potrebbe passare sottotraccia nelle vostre aste, visto il calo generale nell'appetibilità della difesa della Lazio. Ci aspettiamo un inevitabile periodo di adattamento, dovuto soprattutto alle sue caratteristiche fisiche, che non lo rendono un difensore velocissimo in fase di recupero negli spazi aperti. Tuttavia, la sua capacità di farsi vedere in area avversaria sulle palle inattive potrebbe regalarvi più di qualche gioia dal punto di vista realizzativo. Dovrebbe garantire anche una titolarità pressoché certa, visto che la concorrenza nel ruolo è rappresentata soltanto da Marusic e Gigot: il primo che in realtà sarebbe un terzino destro e il secondo che deve ancora recuperare dal lungo infortunio. Per questo, se riusciste ad assicurarvelo per pochi crediti potrebbe sorprendervi in positivo.",6320
LAZ,POSSIBILE SORPRESA,PEDRAZA,"Attualmente, visti i limiti fisici e tattici di Tavares, sembra destinato a guadagnare i gradi da titolare sulla fascia difensiva di sinistra. La sua capacità di spinta, insieme a una buona tenuta fisica, potrebbero portarlo a diventare una buona sorpresa per questo campionato, anche regalando più di un assist, come già visto nella sua precedente esperienza in Spagna. Anche dal punto di vista della regolarità di prestazioni e di voto potrebbe mettervi al riparo da sorprese negative, dimostrandosi un profilo in grado di offrire una buona tenuta in fase difensiva e affidabilità all'interno della vostra rosa.",4817
LAZ,POSSIBILE SORPRESA,FLORIANI MUSSOLINI,"Questa stagione può diventare per lui un'ottima occasione per mettersi in mostra e continuare nel percorso di crescita che lo ha portato a salire in prima squadra dalle giovanili. A suo vantaggio possiamo sottolineare una concorrenza nel ruolo di terzino destro non proprio granitica, dal momento che Marusic potrebbe essere utilizzato anche come difensore centrale e Lazzari non offre garanzie talmente solide da assicurarsi la titolarità. Per questo, crediamo che Floriani potrebbe ottenere anche più minutaggio del previsto, rivelandosi una buona sorpresa da acquistare a pochissimi crediti. Se il gioco di Gattuso, come intravisto nel precampionato, dovesse valorizzare gli esterni in fase offensiva, potrebbe anche riuscire a collezionare qualche bonus leggero e discreti voti.",7131
LAZ,SCONSIGLIATO,BELAHYANE,"Qualunque sarà il modulo adottato, temiamo che possa andare in difficoltà sotto molteplici aspetti. Principalmente, i suoi limiti fisici non lo rendono adatto per un campionato fatto di lotta muscolare nel 4-2-3-1, mentre una certa lentezza nella gestione del pallone lo rende limitato anche come regista in un eventuale 4-3-3. Considerato poi che nel reparto di centrocampo le soluzioni, almeno dal punto di vista numerico, sono sufficienti, pensiamo che la sua stagione non potrà offrire spunti particolarmente brillanti.",6191
LAZ,SCONSIGLIATO,LAZZARI,"Rimane in rosa per l'ultimo anno di contratto a causa delle scarse capacità economiche della società, ma già da tempo si è dimostrato un calciatore in calo dal punto di vista fisico. Quella che un tempo era la sua caratteristica principale, cioè la capacità di strappare sulle medie distanze, sta pian piano venendo meno, se non per spezzoni di partita. Altro elemento a suo svantaggio è la scarsa integrità muscolare, confermata dal fatto che ogni anno è costretto a fermarsi per ripetuti infortuni al polpaccio. Se a questo uniamo una certa tendenza ad essere poco attento difensivamente e a perdere tutti i duelli sulle palle alte, non possiamo che mettervi in guardia dall'ipotesi di un suo acquisto.",2263
LEC,CONSIGLIATO,TIAGO GABRIEL,"L'anno scorso il migliore del Lecce per distacco, sia lato calcio, che fantacalcio, l'unico con una MV superiore al 6. Il giocatore c'è, non ci sembra un fuoco di paglia, è veloce, bravo nell'uno contro uno e soprattutto sempre concentrato. Il modo di giocare di Di Francesco molto difensivo lo ha aiutato e pensiamo che anche quest'anno possa ripetersi. Chiaramente è sempre un difensore del Lecce, quindi ci saranno alti e bassi, ma secondo noi quest'anno, essendo più conosciuto e acclamato, potrebbe anche portare una MV più alta. Sempre presente in area avversaria, per lui 2 gol l'anno scorso, i due contro principali sono le ammonizioni e la possibile partenza, che potrebbe peggiorare il suo status fantacalcistico. Per noi ad un prezzo basso potrebbe essere un buon colpo, un titolarissimo, che spesso porta voti da modificatore.",6989
LEC,POSSIBILE SORPRESA,GEUBBELS,"Lui è il gran colpo del mercato estivo del Lecce, Trinchera ha sborsato 5 milioni al Paris FC per portarlo in Salento. Geubbels è un'ex giovane promessa francese, costato ben 20 milioni a soli 17 anni, quando dal Lione passò al Monaco. Poi un brutto infortunio ha fermato la sua crescita, costringendolo a vari prestiti inconcludenti, fino a alla ritrovata luce in Svizzera al San Gallo. L'anno scorso nel Paris FC ha tradito un po' le attese, segnando solo 5 gol per poi finire a fare la riserva nel girone di ritorno. Arriva a Lecce, forse una piccola squadra che ti da fiducia è più congeniale per lui, che il grande salto lo ha sempre fallito. Potendo giocare in qualsiasi ruolo dell'attacco, giocherà praticamente sempre, anche se verosimilmente giocherà da punta centrale. Quello che ci preoccupa maggiormente è il modo di giocare del Lecce, che non valorizza molto la punta, come abbiamo visto l'anno scorso, per quello non ci azzardiamo a metterlo tra i consigliati. Considerando che batterà i rigori (in carriera 7 rigori tutti segnati), pensiamo che un 7-9 gol dovrebbe assicurarli. Rimane la punta titolare del Lecce, magari ci sorprende e ne farà qualcuno di più, noi per ora rimaniamo cauti, abbiamo visto la fine che l'anno scorso hanno fatti i vari Stulic/Cheddira/Camarda.",5029
LEC,POSSIBILE SORPRESA,BERISHA,"Il più talentuoso del Lecce: visione di gioco, tiro da fuori, calci piazzati, inserimenti, sarebbe il principale consigliato del Lecce. C'è un però un grosso però, che già conoscete, gli infortuni. L'anno scorso ha giocato solo 13 partite, segnando 2 gol e facendo 3 assist, poi si è rotto a Dicembre e non ha più messo piede in campo. Purtroppo l'anno scorso non è stato un caso, in 3 stagioni di serie A, non è riuscito mai a giocare più di 17 partite. Tuttora sta ancora facendo riabilitazione, si tratta di una vera e propria scommessa, perchè il rischio che anche quest'anno non arrivi a 20 partite è alto. Di contro, se gioca, è il giocatore del Lecce più appetibile al fantacalcio per le sue caratteristiche.",6015
LEC,SCONSIGLIATO,DANILO VEIGA,"A livello calcistico fa il suo, senza infamia e senza lode. A livello fantacalcistico invece è un disastro, MV del 5,82, FM del 5,69, 9 ammonizioni, potenziali bonus visti neanche dal binocolo. Totalmente inutile a parte la titolarità. Si dice di lui che è un terzino offensivo, quasi un esterno, ma al momento non ha fatto vedere nulla di tutto ciò, anche quando schierato esterno di centrocampo. Per di più, anche quando gioca partite da 6, viene bastonato dai pagellisti. Insomma meglio lasciar perdere.",6990
MIL,CONSIGLIATO,RAMOS,"Sarà il terminale offensivo di un Milan a forte trazione anteriore, costruito su misura per rifornire la prima punta con una mole di gioco importante. Forte di testa ed efficace all'interno dell'area di rigore, Ramos ha il compito di capitalizzare il lavoro dei trequartisti e degli esterni nel sistema di Amorim. Possiede tutte le caratteristiche fisiche e tecniche per imporsi con forza nel nostro campionato e, complice anche lo status di potenziale rigorista (anche se le prime indicazioni vedono ancora Nkunku come primo rigorista rossonero), rappresenta senza dubbio il profilo di maggior spicco dell'attacco rossonero e un attaccante di prima fascia sul listone di quest'anno.",6397
MIL,CONSIGLIATO,SAELEMAEKERS,"L'esterno belga incarna alla perfezione la duttilità e le caratteristiche richieste da Amorim sia ai laterali di fascia che ai trequartisti. Giocatore che durante l'anno verosimilmente si disimpegnerà in diversi ruoli tra le due corsie esterne e i due sottopunta, fa del dinamismo, della tecnica nello stretto e dell'uno contro uno i suoi principali cavalli di battaglia: qualità ideali per la proposta di gioco del tecnico portoghese. Il belga si prospetta come un elemento fondamentale nelle rotazioni del Milan della prossima stagione e, per la sua capacità di andare a voto praticamente sempre garantendo un ottimo rendimento, rappresenta una pedina preziosa da avere nella propria squadra.",4892
MIL,POSSIBILE SORPRESA,CHUKWUEZE,"Di rientro dal prestito al Fulham, sembrava essere il classico esubero da piazzare in estate; invece Amorim, fin dalla sua prima intervista, ne ha sottolineato l'importanza per le sue spiccate qualità nel dribbling e nell'uno contro uno. Nelle prime uscite estive viene provato come esterno/laterale di destra: pur mostrando qualche fisiologico limite in fase di copertura, garantisce una spinta notevole e costante in fase di possesso. È un profilo che potrebbe passare eccessivamente sottotraccia all'asta ma che, al contrario, rischia di trovare parecchio spazio nella prossima stagione, sia da laterale a tutta fascia sia da sottopunta, rivelandosi uno di quei jolly offensivi sempre preziosi da avere in rosa, soprattutto visto che è listato come C.",4856
MIL,POSSIBILE SORPRESA,NKUNKU,"Complici le incertezze generali che avvolgono l'ambiente rossonero e l'affollamento sulla trequarti, Nkunku rischia di passare ingiustamente sottotraccia all'asta. Invece, grazie alle sue eccelse doti tecniche, all'estrema duttilità (può spaziare indifferentemente in entrambe le posizioni di sottopunta), al controllo di palla nello stretto unito ad un gran tiro, il francese ha tutto per imporsi e giocare molte partite anche se la titolarità resta non garantita . Non va poi sottovalutato che ad oggi sembra confermato lo status di primo rigorista, confermato anche nel derby in preseason (con sia lui che Ramos in campo, dal dischetto si è presentato e ha trasformato proprio il francese). Può rivelarsi un ottimo 3° slot da far ruotare nelle vostre rose, pronto a scalare in fretta le gerarchie del vostro attacco e a regalarvi parecchi bonus: monitoratelo con attenzione, perché al giusto prezzo rischia di essere una grandissima sorpresa.",4728
MIL,SCONSIGLIATO,GABBIA,"Il roccioso centrale rossonero potrebbe soffrire particolarmente il modo di giocare di Amorim, caratterizzato da una linea difensiva molto alta e da una costante impostazione dal basso, fondamentali in cui l'italiano fa più fatica. Avere tanto campo alle spalle da coprire può rappresentare un grosso problema, così come l'assetto spiccatamente offensivo del Milan lo costringerà a sostenere numerosi duelli in velocità, situazioni che per caratteristiche soffre. Inoltre, con il mercato aperto ancora per qualche settimana, non è escluso l'arrivo di un nuovo centrale che possa soffiargli il posto. Una sua presa può avere senso soltanto a pochissimi crediti per completare il reparto: non acquistatelo sperando di assicurarvi un titolare fisso dalla buona media voto.",4401
MIL,SCONSIGLIATO,TOMORI,"Con l'arrivo di Mario Gila, il difensore inglese vede soffiarsi molto probabilmente il posto da braccetto titolare di destra. Reduce da ultime stagioni caratterizzate da più errori che salvataggi o prestazioni da ricordare, nel nuovo Milan di Amorim ogni piccola ingenuità rischia di costare caro: l'assetto difensivo spinto e molto alto del tecnico portoghese, infatti, lascia pochissimo margine di errore ai centrali. Tomori non è ormai più né un titolare inamovibile né un profilo da media voto garanzia: una sua presa può aver senso soltanto a pochissimi crediti a completamento del reparto, altrimenti vi consigliamo di guardare altrove.",4751
MON,CONSIGLIATO,PESSINA,"Oh capitano, mio capitano. Sarà un'altra volta una colonna portante del ritorno in Serie A, e sicuramente è l'elemento più appetibile di questo Monza, essendo rigorista designato e anche battitore di piazzati. Naturalmente, in base anche a quanto scritto nella sua descrizione, fate attenzione al prezzo ragazzi, il buon Matteo è un regolarista con buone velleità di bonus e gioca pur sempre in una neopromossa... però per noi questa stagione continuerà a essere uno degli elementi più decisivi dei brianzoli.",2741
MON,CONSIGLIATO,CUTRONE,"Eterna promessa o meno, Patrick ha ancora tanto da dare al Monza, e sicuramente avrà anche tanto da dare a voi fantallenatori. Potrebbe venire snobbato discretamente all'asta, ed è lì che dovete fiondarvi per prenderlo subito e fare l'affare a basso costo. Giocatore che diventa utile principalmente per aiutarvi nei turni in cui il Monza sarà impegnato in casa e in partite semplici, soprattutto per dare il cambio a qualche vostro titolare con una partita molto più impegnativa. Per noi Esperti il gioco può valere la candela, rappresenta uno dei migliori attaccanti per chiudere il reparto.",2155
MON,POSSIBILE SORPRESA,COLPANI,"Ragazzo che ne ha passate delle brutte in maglia Viola... al Monza riuscirà riscattarsi e tornare il centrocampista ammirato nell'anno 23-24? Molto difficile riproporre quei bonus, considerando anche la squadra che è profondamente cambiata, ma può essere allo stesso modo una buona scommessa a basso prezzo per il vostro centrocampo, con un potenziale enorme. Tutti quanti noi facciamo il tifo per lui, perché i colpi da biliardo certamente non gli mancano...",5878
MON,POSSIBILE SORPRESA,MANGAS,"Anche il portoghese è uno degli elementi più interessanti lato fantacalcistico per il Monza. D'altronde, da queste parti non si vedono troppo spesso profili che hanno giocato anche in Champions League, e come non farsi conquistare dal suo look anni '80 con quel baffetto suave... Porterà al Monza esperienza internazionale, e il gioco di Juric favorisce gli esterni a tutta fascia, motivo per il quale se volete essere cool & fashion anche voi, l'acquisto del buon Ricardo ha buone possibilità di portarvi buoni voti e qualche sporadico bonus in rosa, come elemento da ruotare nelle partite più alla portata dei biancorossi.",7485
MON,SCONSIGLIATO,PETAGNA E CIURRIA,"Entrambi sconsigliati per lo stesso motivo: età avanzata, concorrenza nel ruolo (partono entrambi dietro a livello gerarchico), e soprattutto nel caso del centravanti, una tenuta fisica che non impressiona per niente. Tutti motivi per il quale finiscono di diritto in questa sezione, sperando che diano lo stesso una mano ai brianzoli per provare a raggiungere la salvezza... ma voi che potete, statene alla larga durante l'asta!",5880
NAP,CONSIGLIATO,SANTOS,"Sorpresa di questa stagione? Noi crediamo e ci auguriamo di sì. Poco da dire, va puntato e forte all'asta, il brasiliano ha tutte le qualità per mettersi in mostra e portarsi sulle spalle i propri compagni in attacco, sia da titolare che da subentrante. In solo tredici partite (in una squadra difensiva allenata da Conte), ha portato 4 gol e un'ottima media voto. Pensate in un intero campionato cosa può fare, e in questo nuovo tridente più offensivo. Nel caso non doveste riuscire ad acquistare il biondino danese, lui è la primissima alternativa in termini di rendimento, e tra l'altro verrà pagato molto meno. Semplicemente un Super Santos consigliatissimo.",7351
NAP,CONSIGLIATO,HØJLUND,"Come scritto nel suo specchietto, abbiamo fiducia che il ragazzo possa migliorare i suoi numeri, anche perché il ritorno al 4-3-3 può essere letto come un ritorno alle radici, ciò che ha caratterizzato il Napoli nell'ultimo decennio per intenderci, da Sarri passando per Spalletti e Conte, con Allegri che sfrutterà le caratteristiche dei suoi ragazzi nel tridente, risultando dunque in una squadra più offensiva. Il danese per noi può fare bene ed essere valorizzato di più dai suoi compagni. Perderà i rigori con ogni probabilità, ma una migliore costanza sottoporta gli permetterà di compensare più che abbondantemente la mancanza dei tiri dal dischetto. Date un occhio al prezzo in sede d'asta come sempre, ma Højlund è da ritenersi un attaccante sicuro in cui investire quest'anno, che vi garantisce come minimo la doppia cifra e un paio di assist. E stesso il giocatore ha riferito che vuole fare meglio rispetto alla scorsa stagione...",6052
NAP,CONSIGLIATO,LA PORTA NAPOLI,"Dopo l'anno scorso ci riproviamo: l'arrivo di Allegri ha l'obiettivo di riportare una maggiore serenità in difesa, a cominciare proprio dai portieri e da un dualismo che andrà inevitabilmente gestito meglio. Noi confidiamo che il nuovo corso già possa iniziare a portare i propri frutti, garantendo quindi più solidità nella retroguardia, e conseguentemente una riduzione delle reti subite e un aumento dei clean sheet. Il blocco Napoli, per questioni di sicurezza, è obbligatorio , quindi dovrete prendere sia Meret che il secondo portiere (al momento Milinkovic-Savic). Il lato positivo è che il costo potrebbe essere leggermente inferiore rispetto all'anno scorso, e dunque la porta Napoli si candida nuovamente a essere una delle porte migliori del campionato.",
NAP,POSSIBILE SORPRESA,IL CENTENARIO,"100. Cento anni di storia del Napoli, che incomincia il suo viaggio nel lontano agosto 1926, quando con Giorgio Ascarelli da Internaples diventa Associazione Calcio Napoli. A prescindere dal risultato, questa sarà una stagione significativa per Napoli, per il Napoli, e per tutti i tifosi del Napoli. L'umore non può che essere alle stelle, soprattutto dopo aver vinto due scudetti negli ultimi anni, e un rinnovato spirito agonistico potrebbe caratterizzare la squadra di Allegri per quest'anno. Oppure stiamo semplicemente parlando di un fuoco di paglia... ma i giocatori secondo noi ci tengono a fare particolarmente bene in quest'annata storica. Una naturale conseguenza non può che essere un miglioramento del rendimento dei calciatori e della squadra, con conseguente aumento di medie voto, numeri, bonus, e chi più ne ha più ne metta.",
NAP,POSSIBILE SORPRESA,VERGARA,"Stagione della possibile consacrazione quella del centenario, in una veste nuova: quella di mezzala. Ruolo che nel precampionato sta riuscendo a interpretare bene, rendendosi sempre pericoloso lì davanti, grazie alla capacità di inserirsi con facilità e allo stesso tempo di rientrare dietro all'occorrenza. Come scritto nel suo specchietto gli unici freni a una sua esplosione sono la concorrenza con Anguissa e Politano in quella zolla di campo, e qualche eventuale problemino fisico, ma esistono tutti i presupposti affinché il ragazzo di Frattaminore faccia bene in questo campionato. L'unico neo è che non passerà sottotraccia, e sarà importante allora aggiudicarselo a un prezzo vantaggioso.",7223
NAP,POSSIBILE SORPRESA,GIOVANE,"Per un esterno che scende più indietro sul campo, ce n'è un altro che svaria un po' dovunque sulla trequarti. Il brasiliano, che sta venendo particolarmente apprezzato da Allegri nel precampionato, è quel classico giocatore che si compra a 1 credito o giù di lì per completare il reparto offensivo, ma che di fatto può overperformare e risultare una validissima alternativa ai vostri titolari, soprattutto nei turni più favorevoli. Può avere senso prenderlo in coppia con Højlund, ma francamente in sede di formazione può essere molto difficile dover schierare due attaccanti del Napoli, motivo per il quale per sfruttarlo al meglio andrebbe preso solo se non si possiede il danese. Scommessa low-cost, ma adatta un po' a tutti. E voi, lo farete questo salto nel vuoto?",7162
NAP,POSSIBILE SORPRESA,MARÍN,"Con Buongiorno out il Napoli è vero che si sta interfacciando sul mercato, ma allo stesso tempo si stanno valutando soluzioni interne, e il nome di Rafa Marin è indubbiamente tra quelli più intriganti per fare coppia con Rrahmani. Maturato un sacco dall'esperienza al Villarreal, e certamente il centrale più ""sano"" a livello di salute se confrontato con Beukema e Marianucci, lo spagnolo fino all'arrivo del nuovo difensore (se ci sarà e quale sarà), sarà da reputarsi con discrete probabilità il partner titolare a fianco del kosovaro, e per tale motivo può essere un'ottima intuizione a basso prezzo. A oggi lo valutiamo tra le possibili sorprese, vedremo poi a settembre se sarà il caso di confermarlo in questo specchietto o se il Napoli effettivamente interverrà e prenderà un altro centrale di spessore.",6638
NAP,SCONSIGLIATO,BUONGIORNO,"Umanamente dispiace perché il ragazzo si vede che ci tiene e che ce la mette anche tutta, ma il suo corpo è obiettivamente fatto di cartapesta, e tranne per il primo anno al Napoli non è riuscito a confermarsi ai livelli di Torino. Vedremo se ci saprà dare una mano durante la stagione, ma il suo acquisto è fortemente sconsigliato ad agosto o settembre perché correte il serio rischio di rivederlo l'anno prossimo nella peggiore delle ipotesi. Meglio valutarlo con calma più avanti. Se proprio volete puntare forte sul suo nome e siete consapevoli dei rischi, 1 credito e stop.",2724
NAP,SCONSIGLIATO,LUCCA,"In tutte le salse e in tutti i nomi, al momento Lucca non è un giocatore da Napoli. Dispiace, ma qualora rimanesse ci sono semplicemente riserve migliori in giro da prendere. Per carità, mai dire mai, può farlo il salto di qualità... ma dopo quello che abbiamo passato la scorsa stagione con lui in rosa crediamo fermamente che anche le sue di chance siano finite. Sconsigliato.",6215
NAP,SCONSIGLIATO,DE BRUYNE,"Un nome pesante, vero, ma a differenza degli altri due non è sconsigliato in senso assoluto. Vogliamo solamente invitarvi a fare attenzione sul prezzo da spendere per lui in sede d'asta, perché sebbene sia l'incaricato numero uno dal dischetto (e i rigori si devono anche segnare...) non è detto che giochi con continuità; soprattutto la tenuta fisica del belga è un argomento di discussione. Lapalissiano dire che è un elemento di esperienza internazionale, e probabilmente uno dei giocatori sulla carta più forti passati per Napoli; volendo però utilizzare una metafora, De Bruyne è un tizzone che lentamente si sta affievolendo. Questa stagione può definitivamente decretare se la sua fiamma si spegnerà del tutto, o se una scintilla potrà farlo nuovamente diventare un maestoso fuoco che arde in campo e nel cuore dei suoi tifosi.",2517
PAR,CONSIGLIATO,PELLEGRINO,"La sua permanenza è appesa alle dinamiche di mercato, ma se dovesse restare, sarebbe certamente il giocatore con più appeal fantacalcistico della squadra. E' infatti il terminale offensivo principale e nonostante l'anno scorso la fase offensiva era stata povera e prevedibile, l'attaccante argentino ha dimostrato di poter flirtare con la doppia cifra di gol segnati (chiudendo a 9 in campionato, 12 considerando la Coppa Italia) avendo un peso specifico importante nell'economia del gioco. L'evoluzione tattica proclamata da Cuesta che dovrebbe (tutto da verificare) portare maggiori benefici alla fase offensiva, potrebbe permettergli di migliorare il suo 'score' anche alla luce del fatto che è uno dei candidati rigoristi. L'anno scorso però i crociati hanno avuto appena due rigori a favore e il buon Pellegrino ne ha calciato soltanto uno (l'altro lo cedette a Benedyczak per farlo sbloccare). Non sarà mai un grande bomber da 20 gol, ma pensare ad un bottino di 10-12 reti è un'ipotesi concreta",7023
PAR,CONSIGLIATO,BERNABE',"Lo spagnolo è un giocatore importante per qualità, tecnica e capacità di gioco. L'impostazione tattica estremamente difensiva dello scorso anno lo ha costretto più a rincorrere che a gestire palla, spesso partendo da un baricentro molto basso e quindi lontano dalla porta limitandogli la possibilità di fare la differenza nella metà campo avversaria. Quest'anno Cuesta sta cercando di evolvere la proposta e in questo scenario Bernabè potrebbe emergere più di quanto visto finora. Va inquadrato principalmente come centrocampista di rendimento con una buonissima MV ma pochi bonus complessivi. Le cose potrebbero migliorare nel caso la squadra riuscisse ad esprimersi meglio offensivamente. Occhio però alla possibilità di una cessione, essendo in scadenza nel 2027 potrebbe diventare un'occasione di mercato per squadre più importanti",6666
PAR,POSSIBILE SORPRESA,FRIGAN,"Il croato è reduce da un'intera stagione ai box a causa del grave infortunio che aveva interrotto, ancora prima di cominciare, la sua avventura in Emilia. Dopo così tanto tempo fermo è sempre complicato fare ipotesi di rendimento e capire che tipo di impatto avrà sulla squadra, però rimane un giocatore sul quale si era fatto un investimento importante (quasi 10mln) e che in Belgio aveva fatto bene. Può giocare sia da esterno destro che da seconda punta, è un attaccante che vede la porta e probabilmente verrà trascurato in tante aste. Va preso come slot scommessa, sapendo che ci sono punti interrogativi sull'aspetto fisico e di brillantezza, ma che tecnicamente si tratta di un giocatore valido.",7213
PAR,POSSIBILE SORPRESA,TOURE',"E' un giocatore importante che però si porta dietro uno storico infortuni poco rassicurante e la consapevolezza di non essere stato in grado di ripagare l'enorme investimento fatto dall'Atalanta nell'estate 2023. La sua capacità di poter giocare sia da esterno offensivo che da attaccante centrale gli darà l'opportunità di giocare molto e lo si può definire già oggi un titolare. Molto dipenderà dalla sua integrità fisica, non avere intoppi significativi sarà fondamentale per avere brillantezza ed esplosività godendo di un contesto ambientale con meno pressioni. Il potenziale è importante, i suoi problemi fisici sono un aspetto da considerare e per questo motivo può valere una chiamata per gli ultimi slot in attacco investendo cifre modeste consci dei rischi",6229
PAR,SCONSIGLIATO,ONDREJKA,"L'esterno svedese è stata una grande delusione della scorsa stagione, chiudendo con 0 bonus e tanta panchina. I 6 mesi precedenti dove era riuscito ad infiammare il Tardini segnando 5 gol in poco più di 500 minuti sono stati un caso oppure no? Il dubbio resta e le aspettative attorno al ragazzo si sono inevitabilmente ridotte. L'arrivo di El Bilal Tourè e di diversi giovani esterni da lanciare come Diallo, Lontani e Zouin, fanno pensare che ci sia veramente poca fiducia sul rilancio dello svedese nonostante un modulo che sarebbe per lui congeniale",6984
ROM,CONSIGLIATO,MANCINI,"Patto d'amore giallorosso per il Mancio, pronto a iniziare la sua ottava stagione nella capitale. Prezzo in sede d'asta mai particolarmente elevato per assicurarsi una certezza del fantacalcio. Buoni voti, 3/4 gol stagionali e poche assenze, al costo di qualche giallo di troppo. Uno di quelli da avere sempre in rosa e schierare ogni weekend senza troppi dubbi, con un esborso solitamente ben più ridotto dei più quotati Bastoni, Bremer & Co.",2296
ROM,CONSIGLIATO,PISILLI,"Finale di stagione in netto crescendo, con un girone di ritorno da protagonista per minutaggio, rendimento e bonus. L'indisponibilità nel precampionato e la consueta predisposizione dei fantallenatori a puntare più sul nuovo e sull'esotico, possono portare il Piso ad essere totalmente dimenticato nelle aste di Agosto. Grazie alle sue doti di inserimento e finalizzazione, può rivelarsi una bella arma per gli slot finali del reparto, pur consci che non sia un titolare della squadra.",6190
ROM,POSSIBILE SORPRESA,KOULIERAKIS,"Colpo più rapido e imprevisto del mercato della Roma che si assicura il sesto centrale del pacchetto, ad una cifra inferiore al suo valore stimato di mercato e battendo la concorrenza di numerosi top club europei. Dotato di buona fisicità e ottimo colpo di testa (4 i gol nel 2026 con la maglia del Wolfsburg), il greco può trasformarsi in una piacevole sorpresa per rendimento e bonus, sperando ripercorra le orme di un più noto Konstantinos all'ombra del Colosseo.",7529
ROM,POSSIBILE SORPRESA,EL AYNAOUI,"Primo anno sotto le aspettative tra concorrenza e Coppa d'Africa. Il buon Neil ha comunque lasciato intravedere i segni di un buon prospetto, sia nelle gare con la Roma che soprattutto con il sorprendente Marocco. Ha nelle sue corde la capacità di interpretare diversi ruoli del centrocampo e di saper essere incisivo in zona gol. Sarà verosimilmente pagato pochi crediti non avendo la certezza della titolarità e non essendo reduce da una prima stagione fantacalcistica entusiasmante. Pertanto può essere una scommessa interessante per gli slot finali del centrocampo, con una Roma che, impegnata in Champions, avrà bisogno di usufruire a pieno di tutta la rosa, più che negli anni passati.",6271
ROM,POSSIBILE SORPRESA,DYBALA,"Con buona pace dei tifosi del Boca, Paulino continuerà a incantare i tifosi dell'Olimpico e non quelli della Bombonera. Ormai siamo abituati a sapere che parliamo di uno dei maggiori talenti della Serie A, limitato però da infortuni e gestione conservativa obbligata. Nonostante ciò si tratta di un giocatore che provoca diffidenza in molti fantallenatori, tanto più dopo aver perso lo status di rigorista, ma che è in grado, anche in sole 20/25 presenze, di poter raggiungere la doppia cifra tra gol e assist, con una media voto tra i primi della classe. Dai pochi assaggi visti nel finale di stagione, la connessione con Malen può regalare grandi sorprese. Al giusto prezzo è una pedina su cui continuare a puntare.",309
ROM,SCONSIGLIATO,CASTRO,"Pagato tanto dalla Roma e già in hype tra supporters e fantallenatori, il rischio è quello di pagare più del dovuto il Torito. Sicuramente saprà rivelarsi utile e garantirà alla Roma di non fare affidamento sul solo Malen, ma vale realmente la pena svenarsi per una punta che non giocherà sempre e che, per quanto giovane, non ha mai raggiunto la doppia cifra? Bene ponderare scelte e budget per non ripetere l'errore di chi fondò il proprio attacco su Ferguson.",6572
SAS,CONSIGLIATO,LAURIENTÉ,"Per rapporto qualità/prezzo potrebbe essere uno dei migliori 3° slot che potrebbe rendere addirittura da secondo (13° per FM l'anno scorso), le sirene (Estere e non) ci sono, ma il giocatore sembra immerso al 100% nei colori neroverdi e con uno stile di gioco che potrebbe esaltarne le caratteristiche.",6060
SAS,POSSIBILE SORPRESA,VOLPATO,"Meme a parte sulla sua presunta positività alla cocaina, accuse che tra l'altro sembrano essere decadute del tutto, il 4-2-3-1 rappresenta finalmente l'occasione per Volpato di giocare da trequartista e da titolare nel Sassuolo, invece di sperare negli infortuni di Mimmo e negli scampoli di partita dove bisognava recuperare. Abilissimo nell'ultimo passaggio (Pinamonti ne ha approfittato più di una volta l'anno scorso) ma anche lato realizzativo, con la cessione di Thorstvedt gli si aprirebbe una titolarità indiscussa e la possibilità di essere una delle scommesse più intriganti dell'anno. ATTENZIONE:",5735
SAS,SCONSIGLIATO,MURIC & DOIG,"Habitué della sezione già dallo scorso anno, se il gioco offensivo di Aquilani può valorizzare ali e trequartisti sarà il contrario per i difensori che già per loro caratteristiche faticavano lo scorso anno: Muric che ha dei cali di concentrazione pericolosissimi per un portiere di questo livello può peggiorare le sue statistiche mentre Doig mi aspetto che diventi una esca in base ai video dei fantaguru che lo pomperanno a manetta.",4236
TOR,CONSIGLIATO,VLASIC e SIMEONE,"con la rosa attuale (31 luglio), se c'è un bonus passa dai loro piedi. Reduci da un'ottima stagione, specie Niksi, attenti però alla dinamica d'asta. Si ripeteranno? il tifoso ci spera molto, l'esperto pensa che dipenda dal rendimento di tutta la squadra e dall'impatto che mister Abate avrà sul nuovo (per lui) campionato",2061
TOR,POSSIBILE SORPRESA,CACCIAMANI,"se non fosse per Liberali, parleremmo del miglior giocatore della B dell'anno passato. Le aspettative su di lui sono alte, qualcuno scomoda anche Lentini (Gigi ). Se avete una chiamata a sorpresa da fare, è un buon nome da spendere.",7060
TOR,POSSIBILE SORPRESA,NJIE,"al momento, le aspettative sono poche e gli spazi sembrano essere ancora meno. ma se il 3421 di Abate virasse in un attacco a 3 (o 4) punte, Njie sarebbe chiamato allo stesso ruolo di Cacciamani ma sul lato opposto. Ed avrebbe tutto per fare bene",6827
TOR,SCONSIGLIATO,gli ESUBERI,"ho cercato di farlo trasparire in scheda. Ci sono giocatori che sono contemporaneamente al centro del progetto ed in vendita (Gineitis ed Adams, su tutti). Se arriva l'offerta giusta, partono; se non arriva, restano e bisogna vedere come lo faranno.",
UDI,CONSIGLIATO,ZANIOLO,"La conferma del ruolo di centrocampista è una delle notizie migliori per i fantallenatori. Se Runjaić confermerà il 3-4-2-1 agirà stabilmente sulla trequarti, mentre con un sistema a due punte verrebbe schierato come seconda punta. Qualunque sia il modulo, giocherà comunque molto vicino alla porta. Dopo i 5 gol e 3 assist della scorsa stagione ci sono tutti i presupposti per confermarsi, se non addirittura migliorarsi. Per rapporto tra ruolo e potenziale offensivo è uno dei profili più interessanti del campionato.",2766
UDI,CONSIGLIATO,DAVIS,"Che stagione quella appena conclusa! È stata senza dubbio la migliore della carriera di Davis, che ha finalmente trovato continuità chiudendo con 30 presenze, 10 gol e 4 assist. Numeri che gli sono valsi anche il rinnovo di contratto fino al 2031 e che lo hanno consacrato come leader dell’attacco bianconero. Lo stesso Davis ha dichiarato di voler essere un punto di riferimento anche per i compagni più giovani. Alla base di questa crescita c’è anche la preparazione personalizzata studiata dallo staff tecnico la scorsa estate, che ha permesso di gestire al meglio un fisico spesso frenato dagli infortuni. Visti i risultati, anche quest’anno è stato seguito un programma molto simile, nella speranza di raccogliere gli stessi frutti. È il rigorista della squadra e dagli undici metri si è dimostrato molto affidabile. Preparatevi però a pagarlo sensibilmente più dello scorso anno, dopo la miglior stagione della carriera è inevitabile che le aspettative siano cresciute. L’obiettivo ora è provare a migliorare ulteriormente il bottino di 10 reti della passata stagione.",5637
UDI,CONSIGLIATO,SOLET,"Difensore moderno e completo, abbina una straordinaria solidità difensiva a qualità tecniche non comuni per il ruolo. Difende con grande tranquillità ed è soprattutto nella costruzione dal basso che fa la differenza. Imposta l’azione come un vero regista aggiunto, conduce palla anche per 20-30 metri, supera la pressione avversaria con personalità, trova con continuità filtranti per gli attaccanti e non gli manca nemmeno un ottimo tiro dalla distanza. Garantisce ottimi voti, poche insufficienze e ha tutte le qualità per portare anche qualche bonus. Lo scorso anno, in assenza di Davis e Zaniolo, si è presentato anche dal dischetto, particolare tutt’altro che trascurabile per un difensore. Pur non partendo come primo rigorista, potrebbe comunque tornare dagli undici metri in caso di assenza o sostituzione di chi lo precede nelle gerarchie. L’unica incognita riguarda il mercato, ma il suo valore è tale che anche qualora venisse ceduto prima della chiusura delle trattative senza lasciare la Serie A, resterebbe comunque un profilo fortemente consigliato.",6956
UDI,CONSIGLIATO,UNAI GOMEZ,"""Rambo"" questo è il soprannome che gli hanno dato nello spogliatoio dell'Atletic di Bilbao ma la somiglianza con Sylvester Stallone non è l'unico motivo: Unai è un trequartista mancino, atipico e adattabile perché è un vero combattente. Forse è proprio questa grinta e adattabilità che non lo hanno aiutato finora in quanto non è mai riuscito a ritagliarsi un posto fisso in squadra, ma è stato più che altro sfruttato come jolly giocando dalla mezzala all'esterno offensivo, al suo ruolo di trequartista ma pure da falso nueve. E' molto dinamico, scattante e veloce coi piedi, buona tecnica, visione di gioco e tanta grinta con buone capacità anche senza palla, sia per gli inserimenti sia che per la fase difensiva. Il ragazzo è uno che non molla, l'impressione che abbiamo è che sia capitato nel posto giusto per valorizzarlo, necessiterà probabilmente di un pò di tempo per capire la serie A, ma crediamo che si inserirà bene. Fantacalcisticamente tutto questo suo correre non lo aiuta del tutto a livello di numeri, ma è giovane ed è probabile che gli verrà anche insegnata la gestione e la tempistica. Probabilmente giocherà nei due dietro la punta nel 3421, nel 352 potrebbe fare la mezzala ed in caso di 442 potrebbe fare l'esterno o più difficilmente la seconda punta. La sensazione è che già da quest'anno i suoi numeri scarsi (2 gol e 1 assist) potrebbero venire facilmente migliorati.",6783
UDI,CONSIGLIATO,ARIZALA,"""El Principito"" è una scommessa interessante soprattutto per come potrebbe svilupparsi l'inizio della stagione. Con Zanoli ancora impegnato nel recupero dall'infortunio e Vojvoda destinato inizialmente a occupare la corsia destra, potrebbe avere l'occasione di mettersi in mostra come prima alternativa a Kamara sulla fascia sinistra. Lo scorso anno aveva fatto intravedere buoni spunti soprattutto da subentrante, mentre da titolare era apparso meno convincente, evidenziando qualche limite in più nella fase difensiva, aspetto al quale Runjaić dà grande importanza. Se saprà sfruttare le prime opportunità, non è escluso che possa ritagliarsi più spazio del previsto. Va inoltre considerato che Runjaić è solito sostituire con frequenza gli esterni nel corso del secondo tempo, una gestione che potrebbe garantirgli minutaggio anche quando non partirà dal primo minuto. Resta però una scommessa: è ancora molto giovane e quando Zanoli tornerà al 100% la possibilità di vedere Vojvoda impiegato anche sulla corsia sinistra aumenterà inevitabilmente la concorrenza.",7312
UDI,SCONSIGLIATO,KARLSTRÖM,"Karlström non è tanto uno sconsigliato quanto un giocatore da utilizzare solo per coprire gli ultimi slot del centrocampo. La titolarità non è in discussione, ma difficilmente porta qualcosa in più del semplice voto. I bonus sono praticamente assenti e quando l'Udinese fatica anche le sue valutazioni tendono a risentirne. In alcune partite della scorsa stagione è sembrato prendersi qualche tocco di troppo in fase di impostazione, rallentando a tratti il ritmo della manovra. Un aspetto che unito al limitato peso offensivo e ai cartellini che ogni tanto arrivano, ne riduce ulteriormente l'appeal al fantacalcio. Se cercate un centrocampista in grado di farvi vincere una giornata, è difficile che il profilo giusto sia il suo.",6680
UDI,SCONSIGLIATO,KAMARA,"Kamara è uno di quei giocatori che rischiano di ingannare. Il ruolo di esterno a tutta fascia e la continuità di impiego fanno pensare a un buon potenziale offensivo, ma nelle stagioni scorse i bonus hanno sempre faticato ad arrivare. Ha grande gamba, accompagna spesso l’azione e arriva con continuità negli ultimi trenta metri, senza però riuscire sempre a trasformare quanto costruisce in occasioni realmente pericolose. La qualità dell’ultimo passaggio e dei cross resta infatti piuttosto altalenante. La cessione di Zemura sembra garantirgli una posizione di vantaggio nelle gerarchie e almeno nelle prime giornate è il titolare designato sulla corsia sinistra. Con Zanoli ancora ai box, Vojvoda è infatti destinato soprattutto alla fascia destra, mentre per Arizala sembra ancora presto per insidiare stabilmente il posto da titolare. Lo scenario potrebbe però cambiare nel corso della stagione. Il pieno recupero di Zanoli consentirebbe infatti a Vojvoda di essere impiegato anche sulla corsia opposta, aumentando la concorrenza. Attenzione inoltre allo stesso Arizala che, se dovesse sfruttare al meglio le occasioni che gli verranno concesse, potrebbe ritagliarsi uno spazio maggiore del previsto. Resta quindi un profilo affidabile soprattutto per il minutaggio almeno nella prima parte della stagione, ma meno interessante in termini di bonus di quanto il ruolo possa far pensare. Con il passare dei mesi inoltre la concorrenza potrebbe aumentare e le sue presenze da titolare non essere più così scontate come nelle ultime stagioni.",5555
VEN,CONSIGLIATO,STANKOVIC,"parliamo di una neopromossa che sicuramente non si farà notare per clean sheet collezionati ma lo stile nelle parate e la reattività felina lo rendono, esattamente come successe due stagioni fa (15 partite a voto, 6,60 di MV con 23 gol subìti ed 1 rigore parato), un elemento molto interessante sotto il punto di vista del modificatore difesa. In un reparto ben studiato, saprà darvi non poche soddisfazioni se lo acquisterete consci dei pro e dei contro di cui sopra.",6248
VEN,CONSIGLIATO,ADAMS,"probabile rigorista, unico elemento della rosa ad aver dimostrato di saper segnare sia in campionati top 5 europei sia in nazionale. Se dovessi scommettere su un arancioneroverde che possa avvicinarsi, o addirittura raggiungere, la doppia cifra, penserei a lui.",7484
VEN,POSSIBILE SORPRESA,HAINAUT,"i quinti di centrocampo che arrivano dalla B spesso si portano dietro un grande hype che finiscono per non rispettare sul campo. Il francese è un giocatore molto costante, solido in entrambe le fasi grazie a doti fisiche ed atletiche sopra la media. Già due anni fa, con la maglia del Parma, mise a segno due reti, pur giocando con poca continuità, perciò quest'anno, in un sistema collaudato che lo valorizza al meglio, potrebbe rivelarsi un elemento valido sia se siete alla ricerca di una MV affidabile e non altalenante sia per un discreto numero di bonus.",6821
VEN,POSSIBILE SORPRESA,SOHM & PÉREZ,"Busio e Basic verosimilmente si alterneranno nei compiti di impostazione e saranno i primi a schermare in interdizione l'offensiva avversaria mentre l'altra mezz'ala avrà il compito di accompagnare l'azione, andando a riempire gli spazi liberati dai movimenti della seconda punta. Tatticamente parlando, è lo slot con più potenziale offensivo del centrocampo. Qui subentrano due incognite: la prima riguarda la titolarità perchè entrambi vantano una buona verve offensiva ma interpretano il ruolo in maniera completamente diversa, il che rende molto difficile prevedere chi potrebbe spuntarla e, soprattutto, rende concreta l'opzione di un avvicendamento a seconda della tipologia di avversario, e la seconda riguarda un cinismo sottoporta che mai in carriera hanno messo in mostra con continuità. Nonostante ed alla luce di tutto ciò, rappresentano a pieno quei nomi da ""possibile sorpresa"" che, al giusto prezzo, potrebbero regalare gioie.",5319
VEN,SCONSIGLIATO,LISMAN,"acquisto lautamente pagato ed esotico, il classico profilo che può far gola. Io vi invito alla prudenza e, sinceramente, continuo a capire poco questo colpo considerando che, nonostante il ragazzo sia molto giovane, il curriculum per adesso non ha mai fatto intravedere picchi a livello di rendimento ma, piuttosto, ha evidenziato una certa fragilità fisica. In più, le caratteristiche tecniche del polacco sono quelle di un'ala pura e la sua collocazione nel 3-5-2 di Stroppa appare un po' forzata.",7408
VEN,SCONSIGLIATO,ADORANTE,"qualcuno avrà negli occhi i suoi numerosi gol negli scorsi due campionati in cadetteria ma, a malincuore, almeno fino a dicembre/gennaio, non ha senso occupare uno slot per lui, tenendo conto del delicato infortunio e della concorrenza agguerrita che è arrivata in laguna.",4387
