squadra,nome,ruolo,quotazione_iniziale_2026_27,presenze_2025_26,pred_fantamedia,pred_voto,pred_gol,pred_assist,pred_bonus_netti,pred_presenze_previste,pred_presenze_titolare_previste,titolarita_forum_esperti,salute_forum_esperti,consiglio_forum_esperti,totale_forum_esperti
ATA,Scamacca,a,19.0,22,6.42,5.92,2.4,1.8,12.6,22.8,12.0,7.0,6.0,8.0,37.0
ATA,Krstovic,a,18.0,32,6.86,6.08,9.6,3.0,32.9,28.6,21.3,6.0,8.0,7.0,35.0
ATA,De Ketelaere,a,17.0,31,6.55,6.1,4.6,3.0,15.5,27.1,22.0,8.0,7.0,7.0,35.0
ATA,Carnesecchi,p,16.0,37,5.16,6.16,0.3,0.4,-29.4,29.9,29.2,9.0,9.0,8.0,42.0
ATA,Raspadori,a,13.0,13,6.39,5.96,4.0,1.3,10.6,21.4,13.3,6.0,8.0,6.0,32.0
ATA,Ederson D.S.,c,12.0,30,6.35,6.06,2.7,1.9,7.8,27.4,25.1,9.0,8.0,8.0,42.0
ATA,Samardzic,c,12.0,21,6.34,5.98,2.5,2.3,7.4,23.7,16.6,6.0,8.0,6.0,32.0
ATA,Scalvini,d,10.0,24,6.11,5.94,1.4,0.9,2.6,24.8,19.5,7.0,5.0,7.0,32.0
ATA,Pasalic,c,9.0,31,6.26,5.98,3.4,3.0,8.9,23.5,16.8,6.0,8.0,8.0,36.0
ATA,Hien,d,8.0,28,5.74,5.84,0.7,0.4,0.3,24.4,19.4,6.0,7.0,6.0,30.0
ATA,Zappacosta,d,8.0,35,6.24,5.97,1.6,1.6,6.3,24.6,18.9,8.0,7.0,8.0,36.0
ATA,Djimsiti,d,7.0,33,5.72,5.81,0.6,0.8,-0.4,22.7,0.0,7.0,7.0,6.0,31.0
ATA,Gaetano,c,7.0,32,6.18,5.96,2.2,1.1,6.9,21.7,15.6,7.0,8.0,6.0,33.0
ATA,Ahanor,d,6.0,21,5.79,5.82,1.0,0.5,0.4,21.6,18.0,6.0,8.0,6.0,31.0
ATA,Bellanova,d,6.0,22,5.99,5.91,0.9,2.1,1.9,21.5,15.7,6.0,8.0,6.0,33.0
ATA,Bernasconi,d,6.0,22,5.93,5.98,0.9,2.1,1.1,23.2,19.5,6.0,7.0,6.0,32.0
ATA,Zalewski,c,6.0,31,6.13,6.04,1.5,1.8,4.7,22.9,19.9,6.0,8.0,5.0,32.0
ATA,Sulemana K.,a,6.0,21,6.16,5.93,1.6,1.6,5.1,19.5,10.3,6.0,8.0,5.0,29.0
ATA,Kolasinac,d,5.0,17,5.76,5.91,0.1,0.6,-0.2,16.6,11.6,5.0,7.0,5.0,29.0
ATA,De Roon,c,4.0,34,6.03,5.96,0.9,1.1,1.9,21.9,19.9,6.0,8.0,5.0,31.0
ATA,Kossounou,d,3.0,16,5.84,5.77,0.5,0.5,0.5,13.4,11.2,,,,
ATA,Sulemana I.,c,3.0,18,5.91,5.82,1.0,0.5,1.6,12.7,7.6,6.0,8.0,6.0,33.0
ATA,Sportiello,p,1.0,1,4.35,6.04,0.1,0.3,-8.8,7.4,4.8,3.0,8.0,4.0,28.0
BOL,Orsolini,c,26.0,34,6.93,6.1,8.0,2.5,27.3,27.5,19.9,,,,
BOL,Dovbyk,a,16.0,13,6.49,5.96,2.0,1.6,11.3,20.6,11.9,7.0,6.0,7.0,34.0
BOL,Rowe,c,11.0,28,6.39,6.01,3.7,2.4,10.0,26.3,19.0,8.0,7.0,8.0,38.0
BOL,Skorupski,p,10.0,18,5.08,6.15,0.1,0.3,-34.6,26.0,25.4,8.0,6.0,7.0,35.0
BOL,Bernardeschi,c,9.0,24,6.26,5.96,2.2,2.2,8.1,21.0,10.8,7.0,7.0,7.0,36.0
BOL,Lucumì,d,8.0,28,5.87,5.89,0.7,0.4,0.4,26.0,22.7,1.0,8.0,4.0,19.0
BOL,Miranda J.,d,8.0,31,5.96,5.97,1.3,2.5,2.3,25.4,19.2,8.0,7.0,7.0,36.0
BOL,Odgaard,c,8.0,22,6.38,5.98,3.7,0.7,9.2,22.3,15.4,,,,
BOL,Cambiaghi,c,8.0,24,6.3,5.99,2.1,2.0,6.2,20.6,15.1,,,,
BOL,Dallinga,a,8.0,19,6.34,5.92,3.1,0.7,7.3,19.0,12.8,5.0,5.0,5.0,26.0
BOL,Ferguson,c,7.0,23,6.11,5.94,1.6,1.1,4.2,21.8,15.9,6.0,5.0,6.0,30.0
BOL,Heggem,d,6.0,25,5.8,5.88,1.2,0.5,0.5,23.4,22.2,7.0,7.0,7.0,31.0
BOL,Zortea,d,6.0,28,6.04,5.92,1.0,1.4,4.4,22.5,16.9,5.0,7.0,4.0,28.0
BOL,Pobega,c,6.0,23,6.07,5.92,1.6,0.8,3.3,21.1,14.3,6.0,7.0,6.0,31.0
BOL,Vitik,d,5.0,18,5.72,5.83,0.4,0.5,0.2,17.9,8.3,7.0,6.0,6.0,30.0
BOL,Holm,d,5.0,16,6.0,5.94,1.0,1.4,1.8,14.5,8.9,7.0,4.0,6.0,30.0
BOL,Moro N.,c,4.0,28,5.98,5.89,1.1,1.3,2.8,20.0,14.8,6.0,6.0,5.0,27.0
BOL,Casale,d,3.0,10,5.66,5.74,0.3,0.3,-0.1,11.9,9.8,4.0,5.0,4.0,22.0
BOL,Dominguez B.,c,3.0,12,6.15,5.91,1.8,1.1,5.6,14.5,10.7,5.0,6.0,5.0,25.0
BOL,Helland,d,2.0,6,5.71,5.79,0.3,0.5,0.3,11.7,9.7,6.0,7.0,7.0,30.0
BOL,Pessina Mas.,p,1.0,4,4.77,5.94,0.5,0.4,-2.6,10.6,7.7,5.0,5.0,5.0,27.0
BOL,De Silvestri,d,1.0,10,5.76,5.84,0.4,0.7,0.1,12.7,6.6,4.0,5.0,4.0,23.0
CAG,Esposito Se.,a,13.0,36,6.46,6.1,4.7,2.9,13.5,25.2,18.3,3.0,8.0,3.0,29.0
CAG,Caprile,p,9.0,38,4.83,6.16,0.1,0.3,-37.7,31.7,33.2,9.0,8.0,8.0,39.0
CAG,Mina,d,8.0,26,5.98,5.9,1.0,0.5,1.5,22.3,20.7,8.0,6.0,7.0,34.0
CAG,Obert,d,7.0,34,5.88,5.86,0.9,1.3,0.9,25.4,24.9,8.0,8.0,7.0,36.0
CAG,Fazzini,c,7.0,12,5.97,5.9,0.9,0.8,1.7,19.5,11.7,8.0,5.0,8.0,35.0
CAG,Adopo,c,6.0,38,5.88,5.84,0.8,1.2,1.6,27.9,25.9,8.0,8.0,5.0,32.0
CAG,Maldini,a,5.0,18,6.23,5.96,2.7,0.6,6.8,15.7,7.1,,,,
CAG,Zè Pedro,d,5.0,22,5.74,5.81,0.4,0.4,0.5,20.6,18.5,8.0,8.0,6.0,32.0
CAG,Felici,c,5.0,11,6.04,5.88,1.3,1.5,2.4,15.8,12.1,6.0,6.0,6.0,30.0
CAG,Zappa,d,4.0,25,5.9,5.84,1.0,1.3,1.5,21.2,16.7,6.0,8.0,5.0,31.0
CAG,Prati,c,4.0,32,5.89,5.84,1.3,1.0,1.8,20.2,17.0,,,,
CAG,Borrelli,a,4.0,26,6.27,5.88,3.7,0.8,8.8,17.3,9.9,6.0,7.0,5.0,29.0
CAG,Mendy P.,a,4.0,8,6.25,5.85,2.1,0.6,4.5,13.3,6.4,6.0,8.0,5.0,30.0
CAG,Rodriguez Ju.,d,3.0,16,5.69,5.79,0.8,0.5,0.8,16.6,11.1,7.0,8.0,6.0,32.0
CAG,Idrissi R.,d,3.0,17,5.99,5.86,0.8,0.5,2.2,14.2,9.2,5.0,6.0,6.0,30.0
CAG,Deiola,c,3.0,20,5.85,5.85,0.9,0.5,1.4,13.3,8.9,7.0,7.0,5.0,31.0
CAG,Liteta,c,1.0,4,5.76,5.77,0.5,0.5,1.3,9.4,6.5,,,,
CAG,Albarracin,a,1.0,2,5.93,5.82,0.6,0.7,2.1,8.0,3.8,4.0,8.0,4.0,24.0
CAG,Trepy,a,1.0,4,5.88,5.8,0.8,0.5,3.3,11.1,5.5,6.0,7.0,5.0,29.0
COM,Paz N.,c,30.0,35,7.18,6.22,5.6,5.8,23.1,31.0,29.1,9.0,9.0,10.0,46.0
COM,Douvikas,a,20.0,36,6.65,6.01,7.8,2.5,24.5,31.1,24.4,9.0,9.0,8.0,41.0
COM,Baturina,c,19.0,25,6.55,6.1,3.3,2.9,12.1,25.6,15.1,9.0,9.0,9.0,43.0
COM,Da Cunha,c,18.0,35,6.56,6.15,4.4,4.2,13.9,30.7,27.5,9.0,8.0,9.0,41.0
COM,Butez,p,16.0,38,5.14,6.05,0.4,0.4,-25.5,33.3,28.1,,,,
COM,Rodriguez Je.,c,12.0,28,6.43,6.09,3.9,3.1,13.2,29.1,20.1,6.0,9.0,6.0,34.0
COM,Diao,a,11.0,16,6.41,6.03,3.4,1.2,14.9,22.7,16.2,,,,
COM,Ramon,d,10.0,32,6.19,6.04,2.7,0.9,5.2,29.2,25.0,9.0,8.0,9.0,40.0
COM,Perrone,c,10.0,36,6.18,6.08,2.0,2.5,3.3,31.0,27.4,9.0,8.0,9.0,40.0
COM,Valle,d,6.0,26,6.01,5.93,1.1,1.2,2.0,21.7,19.1,7.0,9.0,8.0,37.0
COM,Caqueret,c,6.0,28,6.19,6.02,1.7,2.4,5.2,23.7,15.5,6.0,8.0,7.0,34.0
COM,Kempf,d,5.0,29,6.04,5.97,1.4,0.7,1.7,17.2,15.4,7.0,8.0,6.0,35.0
COM,Addai,c,5.0,12,6.17,5.93,2.0,0.8,5.4,13.1,8.4,6.0,6.0,5.0,28.0
COM,Smolcic I.,d,4.0,25,5.92,5.91,1.0,0.8,0.9,18.6,14.9,6.0,8.0,5.0,29.0
COM,Morata,a,4.0,17,6.23,5.92,2.6,1.9,6.3,10.6,6.1,7.0,6.0,5.0,27.0
COM,Kuhn,a,3.0,14,6.27,5.95,1.3,1.4,4.5,11.9,5.4,5.0,8.0,4.0,28.0
COM,Van Der Brempt,d,2.0,14,5.92,5.88,0.6,0.5,0.4,12.4,7.8,,,,
COM,Fadera,c,2.0,24,6.11,5.94,1.3,1.4,3.4,15.2,5.7,,,,
FIO,Kean,a,25.0,26,7.18,6.02,10.7,1.0,32.0,27.0,20.4,8.0,7.0,8.0,37.0
FIO,Atta,c,17.0,32,6.43,6.03,3.4,3.6,11.1,29.0,27.3,9.0,8.0,9.0,41.0
FIO,De Gea,p,13.0,37,4.92,6.09,0.1,0.4,-32.8,28.4,28.4,,,,
FIO,Gudmundsson A.,c,13.0,32,6.47,6.01,3.5,2.5,14.8,27.3,20.5,,,,
FIO,Dodò,d,10.0,36,6.03,5.96,0.9,2.2,1.4,29.6,27.6,7.0,8.0,7.0,36.0
FIO,Mandragora,c,9.0,34,6.37,5.95,2.7,1.7,7.3,26.6,18.5,5.0,7.0,6.0,31.0
FIO,Jimenez A.,d,8.0,1,5.9,5.93,0.7,0.5,0.3,16.8,14.3,8.0,8.0,7.0,35.0
FIO,Fagioli,c,8.0,33,6.07,5.96,1.2,1.4,3.3,23.6,19.7,7.0,7.0,8.0,36.0
FIO,Ndour,c,8.0,30,5.99,5.88,2.0,0.6,3.6,26.4,21.3,6.0,8.0,7.0,34.0
FIO,Piccoli,a,8.0,27,6.48,5.89,3.3,0.7,12.1,18.9,11.4,6.0,8.0,6.0,32.0
FIO,Parisi,d,5.0,23,5.91,5.87,1.0,1.2,1.2,19.4,13.1,3.0,5.0,3.0,25.0
FIO,Pongracic,d,4.0,35,5.72,5.83,0.4,0.3,0.3,22.8,21.0,6.0,7.0,6.0,30.0
FIO,Fabbian,c,4.0,22,6.19,5.92,1.6,1.2,5.7,17.2,12.1,5.0,8.0,5.0,29.0
FIO,Ranieri L.,d,3.0,31,5.79,5.84,0.9,0.7,0.6,19.4,19.7,6.0,8.0,6.0,32.0
FIO,Joao Mario,d,3.0,14,5.84,5.84,0.4,0.7,0.9,15.1,11.2,6.0,8.0,5.0,32.0
FIO,Brescianini,c,3.0,18,6.11,5.91,1.8,0.8,5.0,16.2,10.1,5.0,8.0,5.0,29.0
FIO,Christensen O.,p,1.0,1,4.2,5.99,0.1,0.4,-9.8,8.3,6.7,,,,
FRO,Zerbin,c,5.0,29,5.94,5.84,1.1,1.2,1.5,19.5,12.8,8.0,8.0,7.0,36.0
FRO,Fini,c,3.0,1,5.79,5.73,0.6,0.5,2.1,14.9,9.5,4.0,7.0,5.0,26.0
GEN,Ostigard,d,11.0,30,6.18,5.94,1.9,1.0,5.5,26.4,3.4,9.0,9.0,8.0,41.0
GEN,Baldanzi,c,11.0,17,6.11,5.96,1.7,1.1,4.1,19.4,11.4,7.0,7.0,7.0,35.0
GEN,Colombo,a,11.0,37,6.34,5.96,6.6,1.5,13.5,27.0,20.6,8.0,8.0,7.0,37.0
GEN,Vasquez,d,9.0,36,5.92,5.92,1.1,0.6,0.6,29.5,25.3,9.0,9.0,7.0,39.0
GEN,Bijlow,p,8.0,16,4.85,6.09,0.3,0.3,-26.3,19.7,16.7,9.0,6.0,6.0,34.0
GEN,Norton-Cuffy,d,8.0,27,5.98,5.88,1.3,1.1,2.0,22.5,20.3,8.0,7.0,6.0,33.0
GEN,Vitinha O.,a,8.0,31,6.43,5.98,4.2,1.9,12.1,21.7,15.3,,,,
GEN,Frendrup,c,7.0,36,5.93,5.9,0.5,1.1,1.3,28.1,25.1,9.0,8.0,6.0,32.0
GEN,Marcandalli,d,6.0,31,5.73,5.81,0.6,0.6,0.3,26.5,23.1,8.0,9.0,6.0,33.0
GEN,Ellertsson,c,6.0,35,5.96,5.87,1.1,1.6,2.1,25.7,22.1,8.0,8.0,5.0,29.0
GEN,Martin,d,5.0,29,6.0,5.94,1.1,2.0,2.3,20.3,15.6,3.0,8.0,4.0,28.0
GEN,Amorim,c,4.0,9,5.81,5.79,0.6,0.8,0.9,18.7,14.5,6.0,8.0,5.0,31.0
GEN,Messias,c,3.0,19,6.13,5.94,1.8,0.9,4.9,11.5,6.5,5.0,4.0,5.0,28.0
GEN,Otoa,d,2.0,10,5.66,5.86,0.1,0.4,-0.3,14.5,13.6,5.0,8.0,4.0,27.0
GEN,Sabelli,d,2.0,13,5.72,5.8,0.3,0.7,-0.0,13.9,12.3,6.0,8.0,5.0,28.0
GEN,Masini,c,2.0,21,5.93,5.89,1.1,0.8,1.2,18.0,14.5,5.0,7.0,4.0,26.0
GEN,Venturino,c,2.0,7,6.18,5.98,1.3,1.0,2.5,13.9,9.5,4.0,6.0,4.0,25.0
GEN,Sommariva,p,1.0,2,4.78,6.05,0.3,0.3,-2.4,5.1,5.1,1.0,8.0,1.0,20.0
INT,Martinez L.,a,35.0,30,7.46,6.23,11.1,4.8,41.2,28.7,20.6,9.0,9.0,9.0,45.0
INT,Dimarco,d,32.0,35,6.68,6.2,4.9,5.4,18.9,27.5,21.8,9.0,8.0,9.0,44.0
INT,Thuram,a,29.0,29,7.45,6.17,10.0,2.8,33.2,28.3,20.4,8.0,8.0,8.0,41.0
INT,Calhanoglu,c,27.0,22,7.06,6.21,4.5,3.6,22.9,24.4,16.0,9.0,6.0,9.0,42.0
INT,Martinez Jo.,p,17.0,5,5.21,5.93,0.1,0.3,-22.6,25.6,20.4,,,,
INT,Barella,c,17.0,34,6.5,6.14,3.1,4.7,8.7,29.5,24.3,9.0,8.0,7.0,39.0
INT,Akanji,d,16.0,32,6.17,6.06,1.3,0.6,3.2,27.3,27.2,9.0,8.0,9.0,40.0
INT,Esposito F.P.,a,16.0,31,6.62,6.01,5.1,1.7,16.5,26.3,18.3,6.0,8.0,7.0,37.0
INT,Bastoni,d,14.0,28,6.13,6.06,1.3,1.9,2.4,25.0,20.6,9.0,8.0,8.0,39.0
INT,Bisseck,d,11.0,23,6.24,6.04,2.2,0.9,5.7,20.8,17.7,7.0,8.0,7.0,37.0
INT,Zielinski,c,10.0,30,6.35,6.09,2.2,3.2,7.7,25.9,21.7,8.0,7.0,8.0,39.0
INT,Diouf,c,8.0,10,6.19,5.96,1.2,1.7,4.3,18.1,13.0,7.0,8.0,7.0,35.0
INT,Sucic P.,c,8.0,28,6.17,6.02,1.6,2.4,4.3,23.7,15.8,7.0,8.0,7.0,36.0
INT,Carlos Augusto,d,7.0,28,6.08,6.01,1.4,1.0,2.7,24.2,16.9,6.0,8.0,7.0,35.0
INT,Frattesi,c,7.0,14,6.36,5.97,2.6,1.0,10.3,16.2,8.9,5.0,7.0,5.0,31.0
INT,Bonny,a,7.0,27,6.45,5.99,2.9,2.7,13.8,21.2,14.3,6.0,8.0,6.0,36.0
INT,Pavard,d,6.0,1,6.06,5.96,0.3,0.5,0.0,15.6,8.8,5.0,7.0,5.0,30.0
INT,Mkhitaryan,c,5.0,28,6.28,6.03,2.7,2.5,9.8,15.0,6.4,6.0,8.0,6.0,34.0
INT,Luis Henrique,c,4.0,27,6.04,5.94,1.4,1.5,2.8,21.0,15.7,,,,
INT,Provedel,p,2.0,27,5.45,6.21,0.1,0.3,-17.0,15.0,13.4,,,,
INT,Di Gennaro,p,1.0,1,4.71,5.82,0.6,0.4,-3.0,5.1,0.6,,,,
JUV,Yildiz,a,23.0,35,6.79,6.18,5.9,6.9,22.1,30.7,26.7,9.0,8.0,9.0,43.0
JUV,McKennie,c,17.0,34,6.47,6.1,4.3,3.3,13.2,28.5,25.3,7.0,8.0,7.0,37.0
JUV,Bremer,d,15.0,26,6.24,6.04,1.8,0.8,4.0,25.6,21.9,9.0,7.0,9.0,41.0
JUV,Kalulu,d,13.0,37,6.04,6.04,1.1,2.0,3.2,30.0,27.8,8.0,8.0,8.0,38.0
JUV,Conceicao,c,12.0,30,6.67,6.09,5.5,3.6,16.2,28.0,22.5,,,,
JUV,Thuram K.,c,10.0,34,6.3,5.98,2.8,2.4,8.8,26.1,19.7,9.0,8.0,7.0,38.0
JUV,Di Gregorio,p,9.0,30,5.02,6.16,0.2,0.3,-31.6,29.1,27.5,7.0,9.0,8.0,39.0
JUV,Cambiaso,d,9.0,36,6.19,5.96,1.2,2.5,3.4,27.3,24.5,9.0,8.0,7.0,37.0
JUV,David,a,9.0,30,6.61,5.96,6.4,2.0,14.1,22.6,12.4,6.0,9.0,6.0,33.0
JUV,Celik,d,8.0,32,6.01,5.99,0.8,1.4,1.4,23.5,20.1,8.0,8.0,7.0,36.0
JUV,Locatelli,c,8.0,36,6.08,6.09,1.7,1.6,2.3,29.1,28.2,9.0,9.0,7.0,39.0
JUV,Perin,p,6.0,9,5.1,6.13,0.1,0.3,-19.1,19.7,17.9,5.0,8.0,5.0,33.0
JUV,Zhegrova,c,6.0,12,6.32,5.97,1.6,0.8,3.1,17.2,6.6,,,,
JUV,Boga,a,6.0,13,6.39,5.96,3.1,1.2,9.2,16.0,8.4,6.0,7.0,6.0,33.0
JUV,Kelly L.,d,5.0,35,5.88,5.89,1.2,0.6,1.7,23.6,20.7,7.0,7.0,7.0,33.0
JUV,Koopmeiners,c,5.0,29,6.07,5.95,2.2,1.3,7.0,16.1,8.6,5.0,7.0,5.0,28.0
JUV,Gatti,d,4.0,16,5.97,5.91,1.1,0.6,1.6,18.4,12.7,5.0,7.0,5.0,29.0
JUV,Miretti,c,3.0,15,6.13,5.93,1.3,0.9,3.3,13.9,10.3,6.0,7.0,6.0,33.0
JUV,Ekhator,a,3.0,25,6.15,5.89,1.6,1.0,3.7,14.8,5.7,6.0,7.0,6.0,32.0
JUV,Rugani,d,1.0,8,5.71,5.73,0.4,0.4,0.2,6.8,6.4,4.0,7.0,4.0,26.0
JUV,Cabal,d,1.0,9,5.92,5.82,1.0,0.6,1.6,12.7,8.7,4.0,5.0,4.0,24.0
LAZ,Zaccagni,c,16.0,26,6.43,6.05,3.2,3.1,11.2,24.3,20.0,,,,
LAZ,Taylor K.,c,13.0,17,6.25,5.94,2.2,1.2,6.0,22.6,18.8,9.0,8.0,8.0,39.0
LAZ,Dia,a,10.0,25,6.27,5.93,2.5,1.6,8.6,20.3,13.2,6.0,7.0,5.0,28.0
LAZ,Ratkov,a,10.0,7,5.95,5.84,1.5,0.6,4.3,19.5,11.1,7.0,9.0,6.0,31.0
LAZ,Cancellieri,c,9.0,28,6.22,5.93,2.4,1.2,7.2,23.2,16.3,7.0,8.0,7.0,34.0
LAZ,Isaksen,c,9.0,27,6.46,5.95,4.3,1.2,10.4,25.0,17.3,,,,
LAZ,Romagnoli,d,7.0,32,5.79,5.9,0.8,0.4,0.1,25.7,21.9,3.0,7.0,3.0,22.0
LAZ,Tavares N.,d,6.0,22,5.9,5.94,1.1,1.6,1.0,22.5,15.0,6.0,7.0,6.0,29.0
LAZ,Marusic,d,6.0,33,5.92,5.85,1.0,0.8,1.5,26.0,22.5,6.0,8.0,6.0,30.0
LAZ,Rovella,c,6.0,11,5.83,5.87,0.4,1.0,0.6,17.9,10.3,8.0,6.0,7.0,30.0
LAZ,Noslin,a,6.0,23,6.27,5.95,2.7,2.1,8.5,20.3,13.6,6.0,8.0,5.0,29.0
LAZ,Dele-Bashiru,c,5.0,21,6.19,5.87,1.9,0.9,8.1,18.6,15.0,6.0,9.0,5.0,29.0
LAZ,Cataldi,c,4.0,27,6.07,5.97,0.7,1.4,3.1,16.9,12.8,6.0,8.0,6.0,31.0
LAZ,Provstgaard,d,3.0,23,5.84,5.94,0.7,0.6,0.8,19.3,17.4,9.0,9.0,6.0,33.0
LAZ,Floriani Mussolini,d,3.0,23,5.79,5.8,0.6,0.9,0.4,15.2,5.1,6.0,9.0,6.0,29.0
LAZ,Lazzari,d,2.0,17,5.71,5.85,0.2,0.8,-0.1,12.4,9.0,5.0,6.0,4.0,23.0
LAZ,Pellegrini Lu.,d,2.0,24,5.83,5.83,0.5,0.8,0.4,18.6,10.8,5.0,8.0,5.0,27.0
LAZ,Motta,p,1.0,9,4.96,5.94,0.3,0.4,-13.9,12.1,11.8,,,,
LAZ,Patric,d,1.0,10,5.72,5.72,0.3,0.4,-0.0,9.1,6.2,3.0,4.0,2.0,17.0
LAZ,Belahyane,c,1.0,11,5.87,5.86,0.5,0.7,1.0,10.8,10.1,4.0,8.0,3.0,23.0
LEC,Falcone,p,8.0,38,5.07,6.2,0.1,0.3,-43.5,31.2,33.0,9.0,8.0,7.0,39.0
LEC,Tiago Gabriel,d,7.0,36,5.91,5.91,1.6,0.6,0.8,29.9,28.6,9.0,8.0,7.0,37.0
LEC,Stulic,a,7.0,30,6.13,5.88,2.8,1.7,11.0,22.7,18.1,6.0,8.0,5.0,29.0
LEC,Gallo,d,6.0,37,5.81,5.85,0.4,2.0,0.8,26.3,25.3,8.0,8.0,6.0,33.0
LEC,Coulibaly L.,c,6.0,33,6.0,5.88,1.2,0.9,2.1,27.2,23.6,8.0,8.0,7.0,36.0
LEC,Pierotti,c,6.0,37,5.99,5.9,1.2,1.7,3.2,25.2,22.6,,,,
LEC,Gaspar K.,d,5.0,21,5.81,5.84,0.7,0.5,0.2,19.7,17.7,8.0,7.0,6.0,32.0
LEC,Veiga D.,d,5.0,36,5.74,5.8,0.5,0.9,0.4,25.1,27.6,8.0,8.0,5.0,30.0
LEC,Berisha M.,c,5.0,12,6.02,5.97,1.1,2.1,3.3,16.4,9.0,7.0,4.0,8.0,33.0
LEC,Gandelman,c,5.0,17,6.28,5.88,1.9,1.2,7.6,15.4,10.3,6.0,7.0,6.0,31.0
LEC,Siebert,d,4.0,19,5.75,5.79,0.7,0.4,0.5,18.7,15.1,6.0,8.0,5.0,29.0
LEC,Ngom,c,4.0,13,5.8,5.78,0.5,0.5,1.0,18.1,12.7,,,,
LEC,N'Dri,a,3.0,17,6.11,5.86,1.3,0.7,2.3,15.9,8.5,5.0,8.0,4.0,27.0
LEC,Jean,d,2.0,5,5.66,5.64,0.2,0.4,0.0,15.0,11.5,5.0,7.0,4.0,26.0
LEC,Maleh,c,2.0,21,5.83,5.82,0.8,0.7,0.9,16.4,12.4,,,,
LEC,Perez M.,d,1.0,1,5.35,5.72,0.3,0.5,1.0,8.1,2.8,4.0,4.0,4.0,20.0
LEC,Ndaba,d,1.0,9,5.67,5.64,0.3,0.4,0.5,10.0,7.5,5.0,8.0,4.0,26.0
LEC,Gorter,c,1.0,1,5.92,5.72,0.4,0.4,1.6,7.1,1.8,6.0,8.0,5.0,28.0
LEC,Kaba,c,1.0,11,5.85,5.64,0.7,0.5,0.9,11.8,7.7,4.0,6.0,3.0,23.0
LEC,Fofana Sa.,c,1.0,2,5.86,5.69,0.4,0.5,1.3,8.3,4.0,,,,
MIL,Pulisic,c,25.0,27,6.95,6.15,6.4,3.0,21.6,26.0,16.7,9.0,6.0,8.0,39.0
MIL,Rabiot,c,22.0,29,6.56,6.14,4.4,3.8,14.3,27.1,22.7,9.0,9.0,8.0,41.0
MIL,Leao,a,18.0,28,6.91,6.09,7.0,5.1,21.3,25.3,18.6,6.0,6.0,5.0,29.0
MIL,Maignan,p,15.0,37,5.06,6.1,0.2,0.3,-30.7,29.7,28.0,9.0,9.0,8.0,43.0
MIL,Pavlovic,d,14.0,34,6.2,6.02,3.4,0.8,6.8,27.8,29.1,9.0,9.0,8.0,42.0
MIL,Nkunku,a,13.0,26,6.58,5.93,4.7,1.9,13.3,21.8,12.5,6.0,6.0,6.0,31.0
MIL,Gila,d,12.0,31,6.03,5.94,1.1,0.5,1.8,24.7,18.2,9.0,8.0,7.0,35.0
MIL,Modric,c,12.0,33,6.18,6.08,2.3,2.7,6.4,28.2,23.6,6.0,9.0,6.0,36.0
MIL,Saelemaekers,c,10.0,35,6.31,6.09,2.8,3.5,8.9,28.7,24.3,9.0,8.0,7.0,37.0
MIL,Bartesaghi,d,8.0,31,5.95,5.92,0.9,2.4,1.9,24.5,22.2,6.0,8.0,6.0,32.0
MIL,Gabbia,d,7.0,29,5.89,5.88,1.0,0.6,0.4,24.0,22.5,7.0,8.0,5.0,31.0
MIL,Tomori,d,7.0,32,5.9,5.94,0.8,0.5,0.4,27.8,24.2,6.0,9.0,5.0,31.0
MIL,Chukwueze,c,6.0,1,6.36,5.91,2.2,1.1,4.3,18.9,10.6,6.0,8.0,6.0,33.0
MIL,Gimenez,a,6.0,15,6.36,5.9,3.9,1.0,7.2,17.8,10.5,4.0,5.0,4.0,21.0
MIL,Fofana Y.,c,5.0,33,6.18,5.95,1.6,2.0,6.8,18.8,14.5,6.0,8.0,5.0,30.0
MIL,Camarda,a,5.0,18,6.0,5.87,1.1,0.6,2.0,11.0,4.8,5.0,7.0,5.0,26.0
MIL,Ricci S.,c,4.0,28,6.05,5.97,1.3,1.4,2.3,21.2,15.0,5.0,8.0,4.0,28.0
MIL,Jashari,c,4.0,12,6.02,5.87,0.6,1.3,2.5,16.0,9.9,6.0,8.0,6.0,30.0
MIL,Loftus-Cheek,c,4.0,21,6.19,5.97,1.9,1.1,5.5,16.5,12.7,5.0,6.0,5.0,29.0
MIL,De Winter,d,3.0,24,5.89,5.84,0.7,0.6,1.3,18.8,15.6,4.0,9.0,4.0,28.0
MIL,Athekame,d,3.0,17,6.13,5.92,1.6,1.9,5.0,15.7,12.4,4.0,8.0,6.0,31.0
MIL,Estupinan,d,3.0,14,5.87,5.87,0.7,0.8,0.8,14.5,9.7,5.0,7.0,5.0,28.0
MIL,Musah,c,2.0,16,5.88,5.86,0.6,0.8,0.9,13.9,7.9,4.0,8.0,4.0,26.0
MIL,Terracciano,p,1.0,2,4.16,5.72,0.1,0.3,-17.3,8.2,9.4,2.0,9.0,3.0,30.0
MON,Cutrone,a,9.0,14,6.36,5.9,3.0,0.8,7.8,18.8,12.5,8.0,7.0,7.0,34.0
MON,Akinsanmiro,c,6.0,23,6.01,5.79,1.4,0.8,2.5,22.6,20.0,7.0,8.0,6.0,30.0
MON,Kouadio,d,3.0,2,5.6,5.84,0.6,0.5,1.3,15.1,10.1,7.0,8.0,6.0,31.0
NAP,McTominay,c,28.0,33,7.13,6.17,6.6,1.8,26.3,25.8,21.7,9.0,7.0,9.0,42.0
NAP,Hojlund,a,28.0,33,6.85,6.13,7.0,2.9,23.9,26.3,-0.2,,,,
NAP,De Bruyne,c,15.0,17,6.59,6.11,3.1,3.4,14.2,23.5,16.5,6.0,5.0,7.0,33.0
NAP,Rrahmani,d,14.0,21,6.12,6.01,1.0,0.4,2.2,24.3,17.9,9.0,7.0,8.0,39.0
NAP,Santos A.,a,14.0,13,6.41,6.02,3.8,1.7,13.4,21.5,14.6,,,,
NAP,Di Lorenzo,d,12.0,26,6.25,6.03,1.8,2.7,5.8,25.5,24.5,8.0,7.0,7.0,35.0
NAP,Meret,p,11.0,11,5.21,6.14,0.1,0.3,-26.1,24.0,19.8,,,,
NAP,Zambo Anguissa,c,11.0,18,6.51,6.08,3.0,2.0,7.1,26.5,1.7,8.0,6.0,7.0,36.0
NAP,Politano,c,10.0,33,6.35,6.08,2.5,2.3,9.9,24.8,18.5,,,,
NAP,Lukaku,a,10.0,1,6.52,5.94,3.7,2.6,10.6,20.8,10.3,5.0,5.0,4.0,26.0
NAP,Gutierrez,d,8.0,21,6.09,5.95,1.4,1.7,4.8,19.9,16.7,,,,
NAP,Spinazzola,d,8.0,30,6.15,6.02,1.0,1.6,3.8,21.7,15.1,8.0,6.0,7.0,35.0
NAP,Vergara,c,8.0,8,6.11,5.98,0.9,0.8,1.7,14.2,11.0,6.0,7.0,8.0,35.0
NAP,Buongiorno,d,7.0,32,5.97,5.99,0.8,0.5,0.3,24.0,18.4,7.0,4.0,5.0,29.0
NAP,Lobotka,c,7.0,31,6.03,5.99,0.5,0.6,1.1,23.8,18.7,9.0,7.0,6.0,32.0
NAP,Beukema,d,6.0,22,5.93,5.93,0.8,0.5,0.7,21.0,17.7,6.0,6.0,6.0,30.0
NAP,Neres,a,6.0,16,6.15,6.03,1.3,3.2,5.6,16.5,9.8,,,,
NAP,Milinkovic-Savic V.,p,5.0,27,5.26,6.19,0.6,0.3,-27.4,21.9,22.4,,,,
NAP,Olivera,d,5.0,22,5.9,5.88,0.8,0.7,0.3,18.0,8.1,6.0,7.0,6.0,30.0
NAP,Folorunsho,c,4.0,26,6.2,5.94,1.7,0.7,5.0,17.2,11.1,5.0,7.0,5.0,29.0
NAP,Giovane,a,4.0,31,6.22,5.94,2.5,2.6,10.0,17.3,12.1,,,,
NAP,Gilmour,c,3.0,13,6.02,5.97,0.7,0.7,2.0,13.9,7.8,6.0,6.0,5.0,28.0
NAP,Lang,a,3.0,14,6.2,5.99,1.5,1.7,4.6,13.0,7.8,,,,
NAP,Lucca,a,3.0,9,6.42,5.95,2.8,0.9,10.1,16.1,7.2,5.0,8.0,6.0,30.0
NAP,Marianucci,d,1.0,11,5.73,5.73,0.4,0.6,0.6,11.1,7.6,5.0,8.0,5.0,28.0
NAP,Mazzocchi,d,1.0,9,5.85,5.89,0.3,0.7,0.4,8.8,6.2,5.0,7.0,2.0,23.0
PAR,Pellegrino M.,a,15.0,37,6.63,5.98,6.7,1.8,18.3,32.5,29.4,9.0,8.0,7.0,38.0
PAR,Delprato,d,8.0,35,5.81,5.84,0.9,1.0,1.2,27.1,3.8,,,,
PAR,Valeri,d,8.0,34,6.01,5.96,0.9,2.2,1.9,27.2,23.1,9.0,7.0,6.0,34.0
PAR,Suzuki,p,7.0,20,4.91,6.11,0.2,0.3,-35.8,27.3,29.8,3.0,3.0,3.0,15.0
PAR,Bernabè,c,7.0,32,6.21,6.06,2.4,2.5,10.0,21.4,19.3,9.0,5.0,7.0,34.0
PAR,Circati,d,6.0,31,5.77,5.81,0.7,0.5,1.0,26.5,24.3,8.0,6.0,6.0,32.0
PAR,Nicolussi Caviglia,c,6.0,23,6.12,5.9,1.1,1.0,3.7,24.1,20.0,8.0,5.0,6.0,30.0
PAR,Keita M.,c,5.0,36,5.87,5.83,0.8,0.7,0.9,24.5,23.4,9.0,8.0,5.0,32.0
PAR,Ondrejka,c,5.0,15,6.18,5.87,2.3,0.9,5.5,16.4,14.4,6.0,5.0,5.0,26.0
PAR,Valenti,d,4.0,27,5.77,5.81,0.8,0.6,0.5,19.9,18.9,5.0,5.0,4.0,23.0
PAR,Almqvist,c,4.0,9,5.98,5.84,0.7,1.1,1.6,12.9,9.4,5.0,5.0,4.0,22.0
PAR,Troilo,d,3.0,21,5.83,5.83,0.9,0.5,0.7,18.5,15.9,7.0,8.0,6.0,33.0
PAR,Britschgi,d,3.0,28,5.8,5.82,0.6,1.3,0.6,21.4,17.4,5.0,7.0,5.0,27.0
PAR,Sorensen O.,c,3.0,30,6.05,5.87,0.9,1.1,2.0,18.3,3.7,5.0,8.0,5.0,28.0
PAR,Elphege,a,3.0,8,6.24,5.84,2.0,0.6,7.0,12.0,8.8,5.0,5.0,5.0,26.0
PAR,Ordonez C.,c,2.0,21,5.82,5.82,1.0,0.5,1.3,18.2,12.7,5.0,7.0,5.0,25.0
PAR,Corvi,p,1.0,17,4.92,6.08,0.4,0.4,-10.6,13.8,14.0,6.0,7.0,6.0,33.0
PAR,Ndiaye,d,1.0,11,5.69,5.73,0.5,0.4,0.3,11.5,9.6,5.0,5.0,4.0,22.0
PAR,Carboni F.,d,1.0,2,5.53,5.69,0.4,0.5,0.0,8.1,6.9,4.0,7.0,4.0,24.0
PAR,Cremaschi,c,1.0,1,5.89,5.83,0.6,0.6,1.6,8.8,5.6,5.0,5.0,5.0,25.0
ROM,Malen,a,34.0,18,7.41,6.09,10.3,1.9,37.8,22.6,13.7,9.0,8.0,9.0,44.0
ROM,Svilar,p,18.0,38,5.18,6.15,0.4,0.3,-25.3,29.4,26.6,,,,
ROM,Wesley,d,17.0,30,6.3,6.09,3.5,4.4,8.6,29.4,26.0,,,,
ROM,Mancini,d,15.0,36,6.26,6.07,1.4,1.4,4.8,30.1,28.9,9.0,9.0,8.0,41.0
ROM,Dybala,a,14.0,21,6.76,6.22,3.4,3.9,18.0,22.7,13.4,,,,
ROM,Castro S.,a,14.0,35,6.67,5.99,4.0,2.0,15.2,21.7,15.8,,,,
ROM,N'Dicka,d,13.0,31,6.22,6.03,1.5,1.1,2.2,26.9,1.1,,,,
ROM,Soulè,a,12.0,32,6.59,6.11,4.0,3.2,13.5,27.0,18.4,,,,
ROM,Hermoso,d,10.0,27,6.02,5.99,2.1,0.6,2.1,22.6,20.2,,,,
ROM,Konè M.,c,10.0,29,6.35,6.08,1.9,2.0,3.8,26.1,2.7,9.0,7.0,8.0,38.0
ROM,Pellegrini Lo.,c,10.0,24,6.5,6.03,2.1,3.1,9.3,23.0,14.4,,,,
ROM,Cristante,c,8.0,37,6.15,6.03,1.5,1.5,6.2,26.8,26.2,9.0,9.0,7.0,38.0
ROM,Rensch,d,5.0,19,6.02,6.02,0.9,1.5,3.8,17.4,10.4,,,,
ROM,Pisilli,c,5.0,22,6.19,6.02,2.2,1.7,4.1,19.3,13.2,7.0,8.0,7.0,36.0
ROM,Ghilardi,d,4.0,21,5.94,5.93,0.6,0.5,0.2,17.6,10.9,,,,
ROM,El Aynaoui,c,4.0,21,6.1,5.96,0.9,1.5,2.0,17.9,10.0,7.0,8.0,7.0,35.0
ROM,Angelino,d,3.0,6,5.92,5.94,0.4,1.3,0.4,12.2,5.9,,,,
ROM,Ziolkowski,d,1.0,9,5.83,5.85,0.3,0.6,0.3,12.1,9.3,,,,
ROM,Vaz,a,1.0,7,6.13,5.9,1.2,0.7,4.2,10.9,6.2,5.0,8.0,5.0,29.0
SAS,Berardi,a,18.0,26,6.84,6.12,4.3,4.4,21.0,24.9,18.1,9.0,6.0,8.0,38.0
SAS,Laurientè,a,15.0,37,6.6,6.14,4.0,6.7,13.7,30.7,22.4,9.0,8.0,9.0,41.0
SAS,Pinamonti,a,13.0,34,6.57,5.97,5.7,1.5,18.2,25.8,21.5,9.0,8.0,8.0,38.0
SAS,Thorstvedt,c,10.0,31,6.29,6.0,3.3,1.5,7.6,24.9,23.3,7.0,8.0,7.0,37.0
SAS,Bowie,a,10.0,14,6.23,5.9,2.9,0.7,9.2,18.3,10.2,6.0,8.0,6.0,31.0
SAS,Konè I.,c,9.0,35,6.21,5.93,2.7,1.4,7.1,28.9,26.3,3.0,7.0,3.0,27.0
SAS,Muric,p,7.0,32,4.81,6.13,0.5,0.4,-41.1,29.0,29.1,9.0,8.0,7.0,37.0
SAS,Idzes,d,7.0,35,5.81,5.82,0.4,0.7,0.0,26.8,25.0,9.0,8.0,7.0,37.0
SAS,Volpato,c,7.0,21,6.2,5.93,1.6,1.7,5.5,21.2,13.4,6.0,8.0,7.0,36.0
SAS,Matic,c,5.0,34,5.94,5.87,1.0,0.9,1.3,20.0,19.5,8.0,8.0,7.0,35.0
SAS,Adzic,c,5.0,4,6.03,5.98,0.5,0.5,1.5,12.1,6.3,6.0,8.0,6.0,32.0
SAS,Bakola,c,5.0,3,5.98,5.83,0.5,0.7,1.4,16.3,11.7,6.0,8.0,7.0,34.0
SAS,Walukiewicz,d,4.0,34,5.69,5.75,0.2,0.8,0.3,22.2,21.8,6.0,7.0,5.0,28.0
SAS,Doig,d,4.0,27,5.77,5.83,0.6,0.8,0.3,20.9,16.2,7.0,7.0,6.0,32.0
SAS,Candè,d,3.0,8,5.69,5.65,0.2,0.4,0.1,11.9,7.6,7.0,7.0,6.0,31.0
SAS,Boloca,c,2.0,2,5.68,5.67,0.3,0.4,0.1,10.0,10.0,3.0,6.0,3.0,23.0
SAS,Lipani,c,2.0,21,5.92,5.85,0.9,0.7,1.2,18.0,14.6,7.0,8.0,7.0,34.0
SAS,Turati,p,1.0,6,4.94,6.2,0.1,0.3,-17.2,14.3,13.2,3.0,8.0,3.0,26.0
SAS,Iannoni,c,1.0,5,5.86,5.79,0.6,0.6,1.1,9.7,6.6,,,,
SAS,Moro L.,a,1.0,6,5.83,5.68,0.6,0.5,1.3,10.1,5.2,4.0,8.0,4.0,25.0
TOR,Simeone,a,15.0,32,6.62,5.99,7.3,2.8,20.7,28.3,22.0,8.0,8.0,9.0,40.0
TOR,Vlasic,c,14.0,37,6.5,6.02,3.5,3.0,12.7,30.8,24.6,8.0,8.0,8.0,40.0
TOR,Casadei,c,10.0,32,6.21,5.96,2.1,1.5,7.2,24.3,19.6,8.0,7.0,7.0,37.0
TOR,Adams C.,a,9.0,32,6.4,5.95,3.5,1.8,12.9,24.1,15.3,7.0,8.0,7.0,37.0
TOR,Coco,d,7.0,35,5.85,5.86,1.0,0.7,0.8,29.4,28.6,8.0,8.0,6.0,34.0
TOR,Ismajli,d,7.0,24,5.8,5.82,0.4,0.4,-0.1,21.3,16.5,,,,
TOR,Oristanio,c,7.0,18,6.12,5.89,1.6,0.8,4.9,19.1,12.0,6.0,8.0,6.0,33.0
TOR,Zapata D.,a,7.0,23,6.4,6.02,3.5,2.6,14.3,19.6,11.8,6.0,6.0,7.0,35.0
TOR,Comuzzo,d,6.0,24,5.71,5.78,0.6,0.4,0.3,20.4,18.6,8.0,8.0,7.0,35.0
TOR,Pedersen,d,5.0,28,5.87,5.81,0.9,1.3,1.7,19.7,14.6,8.0,8.0,7.0,35.0
TOR,Gineitis,c,5.0,27,5.91,5.86,1.0,1.3,2.2,21.3,17.0,6.0,8.0,7.0,33.0
TOR,Ilkhan,c,4.0,17,6.0,5.85,1.0,0.8,2.3,16.9,12.6,5.0,8.0,6.0,30.0
TOR,Njie,c,4.0,10,5.95,5.74,1.1,0.5,2.1,15.5,8.0,6.0,8.0,7.0,34.0
TOR,Kulenovic,a,4.0,7,5.84,5.79,0.6,0.5,1.6,14.5,8.8,3.0,8.0,4.0,25.0
TOR,Aboukhlal,c,3.0,11,5.82,5.83,0.4,0.5,0.7,12.1,6.6,6.0,8.0,4.0,30.0
TOR,Biraghi,d,2.0,11,5.78,5.82,0.2,1.3,0.1,13.9,6.5,3.0,8.0,4.0,25.0
TOR,Paleari,p,1.0,29,4.87,6.17,0.3,0.3,-24.1,17.0,24.0,8.0,8.0,5.0,31.0
TOR,Ilic,c,1.0,8,5.75,5.81,0.7,0.9,0.7,13.5,7.6,3.0,4.0,4.0,24.0
TOR,Anjorin,c,1.0,9,5.93,5.88,1.0,1.2,2.1,12.3,7.8,4.0,4.0,4.0,26.0
UDI,Davis K.,a,19.0,30,6.6,6.07,4.7,3.8,19.3,29.2,24.6,9.0,7.0,8.0,40.0
UDI,Zaniolo,c,18.0,31,6.63,6.08,5.6,3.1,16.9,28.5,24.2,,,,
UDI,Solet,d,13.0,34,6.15,5.98,1.6,1.6,4.8,29.0,27.0,9.0,7.0,9.0,41.0
UDI,Ekkelenkamp,c,10.0,31,6.2,5.95,2.9,1.6,8.6,26.6,20.6,8.0,8.0,8.0,39.0
UDI,Okoye,p,9.0,30,5.03,6.13,0.2,0.3,-33.9,28.8,28.6,,,,
UDI,Vojvoda,d,8.0,27,6.05,5.93,0.9,1.5,1.3,19.6,10.8,6.0,7.0,7.0,34.0
UDI,Kristensen T.,d,7.0,28,5.86,5.82,0.9,0.5,0.8,23.7,24.3,8.0,8.0,7.0,37.0
UDI,Kamara H.,d,6.0,26,5.9,5.87,0.9,1.4,1.2,23.3,19.6,7.0,8.0,6.0,33.0
UDI,Karlstrom,c,6.0,36,5.87,5.85,0.6,0.8,0.7,29.6,26.7,9.0,9.0,7.0,36.0
UDI,Piotrowski,c,5.0,30,5.99,5.86,1.4,0.5,2.4,17.5,13.0,,,,
UDI,Kabasele,d,4.0,28,5.9,5.82,1.1,0.6,1.6,14.9,14.9,6.0,7.0,7.0,34.0
UDI,Bertola,d,4.0,25,5.83,5.88,1.0,0.7,0.9,19.5,16.2,6.0,8.0,7.0,33.0
UDI,Zanoli,d,4.0,19,5.87,5.83,0.4,0.9,1.3,18.7,15.4,7.0,6.0,7.0,34.0
UDI,Arizala,d,4.0,5,5.79,5.85,0.6,0.5,0.9,15.3,10.1,6.0,8.0,6.0,32.0
UDI,Gueye,a,4.0,13,6.1,5.87,1.4,0.5,1.7,12.9,4.5,5.0,8.0,4.0,26.0
UDI,Miller L.,c,3.0,19,6.01,5.85,0.7,1.4,1.4,16.7,10.3,6.0,8.0,6.0,32.0
UDI,Palma,d,2.0,4,5.68,5.76,0.6,0.5,0.9,13.1,7.7,5.0,8.0,4.0,29.0
UDI,Ebosse,d,2.0,16,5.72,5.8,0.3,0.4,0.1,14.7,9.7,5.0,7.0,4.0,25.0
UDI,Buksa,a,2.0,21,6.18,5.88,1.8,0.7,5.6,13.0,10.4,6.0,7.0,5.0,28.0
UDI,Padelli,p,1.0,2,4.74,6.02,0.1,0.3,-8.7,4.4,3.1,,,,
UDI,Mlacic,d,1.0,3,5.69,5.79,0.5,0.5,0.7,9.9,6.4,5.0,8.0,5.0,29.0
UDI,Zarraga,c,1.0,10,5.84,5.7,0.7,0.5,2.0,12.4,9.7,5.0,7.0,4.0,28.0
UDI,Bayo V.,a,1.0,12,6.04,5.79,1.6,0.6,2.5,10.8,6.2,4.0,8.0,4.0,25.0
VEN,Bella-Kotchap,d,6.0,18,5.7,5.79,0.4,0.4,-0.0,17.5,11.9,8.0,6.0,7.0,33.0
VEN,Basic,c,6.0,23,6.01,5.93,1.8,1.6,4.3,22.0,19.8,7.0,8.0,7.0,35.0
VEN,Sohm,c,5.0,24,5.92,5.87,0.8,1.2,1.8,21.0,15.6,7.0,8.0,7.0,36.0
VEN,Helgason,c,3.0,4,5.88,5.72,0.5,0.7,1.6,11.8,9.8,5.0,8.0,4.0,27.0
