player_id,altezza_m,nazionalita,piede_dominante,posizione_tm,scadenza_contratto
346,1.84,Germany,right,Attack - Centre-Forward,-
292,1.82,Switzerland,right,Defender - Right-Back,-
616,1.84,Mexico,,,
222,1.83,Argentina,,,
2530,1.95,Sweden,,,
349,1.91,Italy,right,Goalkeeper,-
153,1.8,Italy,right,Attack - Centre-Forward,-
368,1.74,Netherlands,,,
489,1.83,Finland,left,Defender - Centre-Back,-
282,1.92,Italy,right,Goalkeeper,-
290,1.74,France,,,
359,1.87,France,right,Defender - Centre-Back,-
465,1.83,Mali,,,
552,1.82,Italy,left,Defender - Centre-Back,-
585,1.82,Italy,left,Midfield - Left Midfield,-
722,1.86,Italy,left,Attack - Centre-Forward,-
516,1.85,Italy,right,Defender - Centre-Back,-
56,1.78,Italy,right,Midfield - Central Midfield,-
698,1.84,Italy,right,Attack - Centre-Forward,-
450,1.9,Italy,right,Goalkeeper,-
598,1.8,Italy,right,Midfield - Central Midfield,-
127,1.75,Italy,right,Attack - Centre-Forward,-
545,1.81,Italy,right,Defender - Centre-Back,-
463,1.84,Italy,both,Midfield - Defensive Midfield,-
2074,1.86,Italy,right,Midfield - Central Midfield,-
480,1.8,Italy,both,Attack - Second Striker,-
648,1.75,Italy,right,Attack - Second Striker,-
101,1.91,Italy,right,Defender - Centre-Back,-
734,1.78,Brazil,,,
638,1.93,Italy,both,Attack - Centre-Forward,-
609,1.88,Italy,right,Goalkeeper,-
364,,Italy,N/A,Defender - Centre-Back,-
204,1.77,Italy,right,Midfield - Defensive Midfield,-
602,1.7,Italy,right,Attack - Centre-Forward,-
755,1.83,Italy,left,Midfield - Defensive Midfield,-
665,1.84,Italy,left,Midfield - Attacking Midfield,-
39,1.87,Chile,,,
564,1.86,Italy,,,
2790,1.95,Italy,right,Goalkeeper,-
579,1.85,Italy,left,Defender - Centre-Back,-
502,1.77,Italy,right,Midfield - Defensive Midfield,-
528,1.81,Italy,right,Midfield - Defensive Midfield,-
47,1.87,Italy,right,Defender - Centre-Back,-
209,1.81,Italy,right,Midfield - Central Midfield,-
285,1.87,Italy,right,Defender - Centre-Back,-
95,1.88,Argentina,,,
387,1.88,Spain,right,Goalkeeper,-
2610,1.85,Portugal,right,Attack - Centre-Forward,30/06/2027
618,1.93,Greece,right,Defender - Centre-Back,-
713,1.8,Switzerland,,,
558,1.81,Sweden,left,Midfield - Central Midfield,-
1929,1.74,Argentina,,,
5478,1.87,Finland,right,Goalkeeper,-
2770,1.84,Belgium,,,
245,1.84,North Macedonia,,,
2178,1.84,Italy,right,Goalkeeper,-
1864,1.89,Portugal,,,
2707,1.75,England,,,
2749,1.82,Croatia,right,Defender - Right-Back,-
355,1.88,Brazil,right,Defender - Centre-Back,-
388,1.9,Spain,right,Defender - Centre-Back,-
2055,1.83,Belgium,left,Defender - Centre-Back,-
1932,1.72,Brazil,,,
494,1.8,Paraguay,,,
55,1.72,Italy,left,Midfield - Attacking Midfield,-
570,1.9,Greece,right,Goalkeeper,-
353,1.8,Italy,right,Defender - Right-Back,-
1889,1.88,Italy,right,Goalkeeper,-
435,1.8,Italy,right,Midfield - Central Midfield,-
320,,Netherlands,,,
104,1.85,Italy,right,Defender - Centre-Back,-
425,1.8,Italy,right,Defender - Centre-Back,-
534,1.83,Italy,right,Attack - Centre-Forward,-
771,1.86,Ghana,,,
381,1.82,France,right,Attack - Centre-Forward,-
708,1.88,Brazil,left,Defender - Centre-Back,-
2123,1.79,Ghana,left,Midfield - Central Midfield,-
650,1.78,Italy,right,Attack - Right Winger,-
488,1.8,Algeria,,,
458,1.85,Brazil,right,Defender - Right-Back,-
187,1.73,Italy,,,
1863,1.87,Italy,right,Goalkeeper,-
6,1.8,Italy,right,Defender - Left-Back,-
82,1.84,Italy,left,Midfield - Central Midfield,-
372,1.81,Italy,,,
636,1.8,Italy,right,Attack - Centre-Forward,-
594,1.82,Greece,,,
197,1.83,Bosnia-Herzegovina,,,
319,1.83,Serbia,right,Defender - Right-Back,-
167,1.82,Argentina,,,
492,1.85,Argentina,,,
26,1.67,Argentina,,,
2063,1.81,Argentina,right,Midfield - Attacking Midfield,31/12/2026
774,1.76,Netherlands,,,
394,1.84,Italy,right,Defender - Right-Back,-
378,1.8,Italy,left,Attack - Right Winger,-
29,1.8,Italy,right,Midfield - Central Midfield,-
521,1.88,Italy,left,Defender - Left-Back,-
108,1.9,Italy,right,Defender - Right-Back,-
1948,1.81,Argentina,,,
68,1.89,Italy,right,Goalkeeper,-
485,1.84,Italy,right,Defender - Right-Back,-
2204,1.7,Italy,right,Midfield - Attacking Midfield,-
510,1.83,Italy,left,Goalkeeper,-
227,1.8,Italy,left,Defender - Left-Back,-
413,1.86,Italy,right,Goalkeeper,-
2302,,Switzerland,,,
551,1.82,Italy,left,Defender - Left-Back,-
2409,,France,N/A,Attack - Left Winger,-
17,1.9,Italy,right,Defender - Centre-Back,-
325,1.84,France,,,
48,1.85,Italy,right,Defender - Centre-Back,-
41,1.93,Italy,right,Goalkeeper,-
524,1.8,Italy,right,Midfield - Central Midfield,-
373,1.75,Italy,right,Midfield - Central Midfield,-
438,1.85,Italy,right,Midfield - Central Midfield,-
427,1.76,Italy,right,Defender - Right-Back,-
16,1.82,Italy,right,Midfield - Right Midfield,-
132,1.88,Italy,right,Goalkeeper,-
318,1.88,Italy,left,Goalkeeper,-
568,1.8,Italy,right,Attack - Centre-Forward,-
1875,1.9,Italy,right,Midfield - Central Midfield,-
2338,1.88,France,right,Goalkeeper,-
626,1.85,Iceland,left,Midfield - Central Midfield,-
146,1.73,Italy,right,Midfield - Central Midfield,-
784,1.8,Italy,,,
166,1.78,Italy,left,Defender - Left-Back,-
2266,1.78,Italy,right,Midfield - Central Midfield,-
484,1.95,Italy,left,Goalkeeper,-
100,1.91,Slovenia,left,Defender - Centre-Back,-
776,1.85,Serbia,,,
461,1.86,Greece,right,Defender - Right-Back,-
793,,Serbia,,,
332,1.8,Italy,right,Attack - Right Winger,-
2179,1.92,Italy,right,Goalkeeper,-
111,1.84,Slovenia,left,Midfield - Attacking Midfield,-
566,1.89,Argentina,,,
792,1.75,Argentina,,,
2405,1.92,Germany,right,Defender - Centre-Back,-
2871,1.87,Estonia,left,Defender - Centre-Back,31/12/2026
331,1.78,Argentina,,,
2720,1.76,France,,,
655,1.73,Spain,left,Attack - Left Winger,-
543,1.91,Italy,right,Goalkeeper,30/06/2027
2606,1.72,Croatia,right,Midfield - Central Midfield,30/06/2027
701,1.72,Spain,right,Midfield - Attacking Midfield,-
105,1.83,Italy,left,Defender - Left-Back,-
250,1.93,Slovenia,right,Goalkeeper,-
653,1.8,Italy,right,Defender - Right-Back,-
647,1.92,Bosnia-Herzegovina,right,Attack - Centre-Forward,30/06/2027
559,1.84,Italy,left,Midfield - Defensive Midfield,-
486,1.88,Italy,right,Defender - Centre-Back,-
1909,1.82,Italy,right,Attack - Left Winger,-
124,1.82,Italy,left,Attack - Centre-Forward,-
288,1.87,Italy,left,Defender - Centre-Back,-
606,1.89,France,right,Attack - Centre-Forward,-
299,1.89,Germany,,,
6120,1.85,Mexico,,,
5401,1.94,Italy,right,Attack - Centre-Forward,-
212,1.91,Italy,right,Attack - Centre-Forward,-
710,,Poland,N/A,Attack - Right Winger,-
1872,1.82,Italy,right,Midfield - Central Midfield,-
533,1.8,Italy,right,Attack - Centre-Forward,-
31,1.59,Argentina,right,Midfield - Attacking Midfield,31/12/2026
2628,1.92,Argentina,,,
360,1.9,Italy,,,
323,1.82,Argentina,,,
116,1.8,Argentina,,,
35,1.82,Argentina,,,
399,1.73,Netherlands,,,
226,1.83,Italy,right,Defender - Centre-Back,30/06/2028
20,1.75,Italy,right,Midfield - Defensive Midfield,-
257,1.86,Brazil,right,Defender - Centre-Back,-
13,1.8,Senegal,,,
474,1.79,Cote d'Ivoire,right,Attack - Left Winger,-
487,1.87,Italy,right,Defender - Right-Back,30/06/2027
2859,1.82,Belgium,,,
2323,1.77,Portugal,,,
2190,1.84,Italy,right,Attack - Centre-Forward,-
4878,1.99,Bosnia-Herzegovina,,,
2306,1.75,France,,,
15,1.84,Italy,right,Defender - Centre-Back,-
198,1.8,Italy,right,Defender - Right-Back,-
624,1.83,Greece,right,Attack - Right Winger,-
138,1.82,Italy,left,Defender - Centre-Back,-
365,1.87,Colombia,right,Defender - Centre-Back,-
352,1.96,Spain,right,Goalkeeper,-
1935,1.92,Croatia,right,Goalkeeper,-
2831,,Switzerland,,,
312,,Croatia,N/A,Attack - Centre-Forward,-
4512,1.78,Denmark,right,Midfield - Defensive Midfield,-
4324,1.86,Italy,,,
717,1.83,Brazil,,,
311,1.95,Spain,right,Attack - Centre-Forward,-
62,1.85,Italy,,,
2246,1.8,Italy,right,Attack - Centre-Forward,30/06/2026
529,1.91,Italy,right,Midfield - Central Midfield,-
509,1.89,Italy,right,Goalkeeper,-
2005,,Serbia,N/A,Defender - Centre-Back,-
243,1.8,Togo,,,
251,1.87,Italy,right,Defender - Centre-Back,-
652,1.87,Croatia,both,Attack - Centre-Forward,-
69,1.98,Serbia,right,Goalkeeper,-
115,1.79,Finland,,,
180,1.89,Spain,right,Midfield - Defensive Midfield,-
506,1.77,Italy,,,
284,1.86,Brazil,,,
2414,1.8,Chile,right,Midfield - Central Midfield,31/12/2026
2284,1.83,Ecuador,,,
176,1.76,Chile,,,
396,1.72,Colombia,right,Midfield - Left Midfield,-
103,1.84,France,right,Defender - Right-Back,-
635,1.78,Argentina,,,
402,1.83,Slovakia,both,Midfield - Central Midfield,-
1857,1.71,Italy,right,Attack - Left Winger,-
8,1.84,Italy,left,Defender - Left-Back,-
2322,,Germany,N/A,Defender - Centre-Back,-
268,1.83,Colombia,right,Midfield - Central Midfield,-
280,1.76,Argentina,,,
249,1.87,Argentina,right,Goalkeeper,-
408,1.84,Argentina,,,
210,1.8,Italy,right,Midfield - Left Midfield,-
2406,1.91,Germany,right,Defender - Centre-Back,-
395,1.86,Croatia,left,Defender - Left-Back,-
2802,1.8,Italy,left,Midfield - Central Midfield,-
625,1.84,Italy,left,Midfield - Central Midfield,-
286,1.89,Italy,right,Defender - Centre-Back,-
2084,1.96,England,right,Goalkeeper,-
172,1.75,Spain,right,Midfield - Central Midfield,-
593,1.74,Chile,,,
2475,1.69,Chile,right,Attack - Second Striker,-
170,1.86,Croatia,right,Midfield - Defensive Midfield,-
380,1.83,Italy,right,Attack - Centre-Forward,-
4268,1.92,Austria,,,
2209,1.79,Brazil,,,
196,1.92,France,,,
1946,1.87,Italy,right,Goalkeeper,-
1,1.9,Italy,right,Goalkeeper,-
467,1.77,Belgium,right,Midfield - Central Midfield,30/06/2027
2428,1.83,Switzerland,right,Goalkeeper,30/06/2029
563,1.78,Italy,right,Midfield - Defensive Midfield,30/06/2026
704,1.86,Croatia,both,Attack - Left Winger,30/06/2027
4420,1.86,Italy,,,
2081,1.76,Belgium,right,Midfield - Central Midfield,-
220,1.86,Kosovo,,,
4977,1.84,Italy,right,Goalkeeper,-
211,1.75,Italy,right,Attack - Right Winger,-
2799,1.85,Italy,right,Goalkeeper,-
191,1.9,Italy,,,
1862,1.9,Italy,left,Goalkeeper,-
291,1.76,Chile,right,Defender - Right-Back,-
804,1.84,Guinea,,,
2011,1.8,Portugal,left,Midfield - Defensive Midfield,-
453,1.95,Poland,right,Goalkeeper,30/06/2027
493,1.88,Bosnia-Herzegovina,left,Defender - Centre-Back,-
2759,1.83,Italy,left,Defender - Left-Back,-
469,1.81,Bosnia-Herzegovina,,,
199,1.86,Italy,right,Defender - Centre-Back,-
261,1.95,Italy,right,Defender - Centre-Back,-
329,1.83,Romania,left,Defender - Left-Back,-
300,1.8,Italy,right,Midfield - Central Midfield,-
374,1.82,Italy,right,Midfield - Central Midfield,-
5004,1.72,Italy,,,
4270,1.9,Portugal,left,Goalkeeper,-
1931,,Morocco,,,
696,1.89,Italy,,,
2111,1.85,Morocco,,,
2016,1.95,Argentina,,,
2382,1.78,Argentina,,,
4500,1.87,Italy,right,Attack - Centre-Forward,30/06/2027
2319,1.83,Netherlands,,,
356,1.84,Italy,left,Defender - Left-Back,-
276,1.77,France,,,
560,1.78,Nigeria,,,
2168,1.82,Argentina,,,
1881,1.83,Italy,right,Attack - Centre-Forward,30/06/2026
278,1.83,Montenegro,,,
118,1.87,Serbia,right,Midfield - Defensive Midfield,-
2214,1.87,Serbia,left,Defender - Left-Back,-
1973,1.9,Croatia,left,Attack - Centre-Forward,30/06/2027
1878,1.84,Croatia,right,Attack - Centre-Forward,-
2060,1.83,Croatia,left,Defender - Left-Back,-
548,1.9,Poland,,,
2656,1.95,Serbia,left,Defender - Centre-Back,-
344,1.86,Serbia,left,Attack - Centre-Forward,-
169,1.83,Serbia,right,Defender - Centre-Back,30/06/2027
434,1.82,Bosnia-Herzegovina,,,
714,1.83,Switzerland,,,
705,1.79,France,,,
483,1.87,Italy,right,Goalkeeper,-
2633,1.91,Denmark,right,Defender - Centre-Back,-
379,1.84,Brazil,right,Attack - Centre-Forward,-
2391,1.86,Sweden,right,Midfield - Defensive Midfield,-
2638,1.75,Netherlands,,,
2472,1.78,Wales,right,Midfield - Central Midfield,-
807,1.88,Slovenia,right,Attack - Centre-Forward,-
5466,1.89,Norway,right,Defender - Centre-Back,-
2176,1.86,Mexico,,,
78,1.93,Argentina,,,
2058,1.82,Colombia,left,Midfield - Defensive Midfield,-
1873,1.8,Italy,left,Midfield - Attacking Midfield,-
206,1.83,Austria,right,Midfield - Defensive Midfield,30/06/2027
5808,1.64,Italy,right,Attack - Second Striker,-
2109,1.83,Brazil,left,Defender - Centre-Back,-
269,1.8,Brazil,both,Midfield - Attacking Midfield,-
466,1.82,Brazil,left,Midfield - Attacking Midfield,-
5287,1.8,Germany,,,
1943,1.82,North Macedonia,left,Attack - Centre-Forward,30/06/2027
2525,1.83,Italy,right,Defender - Right-Back,-
2572,1.87,Uruguay,,,
455,1.86,Brazil,,,
287,1.8,Uruguay,right,Defender - Centre-Back,31/12/2026
237,1.79,Argentina,,,
1947,1.9,Italy,left,Goalkeeper,30/06/2027
2378,1.87,Argentina,,,
160,1.98,Romania,right,Goalkeeper,-
2529,1.77,Armenia,both,Midfield - Central Midfield,30/06/2027
2321,1.78,Sweden,,,
253,1.8,Italy,right,Defender - Centre-Back,-
1882,1.69,Italy,right,Attack - Centre-Forward,-
706,1.81,Argentina,,,
1938,1.81,Argentina,,,
410,1.69,Belgium,right,Attack - Second Striker,-
772,1.79,Germany,left,Midfield - Left Midfield,30/06/2027
619,1.86,Italy,right,Defender - Right-Back,-
80,1.8,Italy,right,Midfield - Defensive Midfield,-
301,1.77,Italy,right,Midfield - Central Midfield,-
2265,1.77,Italy,right,Midfield - Defensive Midfield,-
499,1.82,Serbia,left,Midfield - Central Midfield,-
2703,1.75,Portugal,,,
224,1.9,France,,,
354,1.86,Italy,left,Defender - Left-Back,-
10,1.88,Italy,left,Defender - Centre-Back,-
154,1.92,Georgia,left,Attack - Centre-Forward,-
131,1.86,Italy,right,Goalkeeper,-
703,1.74,France,left,Attack - Left Winger,-
367,1.8,Italy,right,Midfield - Attacking Midfield,-
412,1.88,Italy,right,Goalkeeper,30/06/2027
1912,1.85,Italy,right,Defender - Centre-Back,30/06/2026
25,1.86,Italy,right,Midfield - Central Midfield,-
5463,1.84,Italy,,,
519,1.83,Italy,right,Defender - Right-Back,-
2782,1.89,Spain,left,Defender - Centre-Back,-
4400,1.89,Ukraine,right,Midfield - Central Midfield,-
475,1.74,Spain,left,Attack - Right Winger,-
2521,1.92,Spain,right,Goalkeeper,30/06/2028
2801,1.8,Italy,right,Defender - Centre-Back,-
2488,1.77,Nigeria,,,
54,1.87,Italy,right,Defender - Centre-Back,-
2193,1.87,France,right,Midfield - Defensive Midfield,-
2303,1.73,Italy,,,
2288,1.84,Cameroon,right,Defender - Centre-Back,-
622,1.87,France,,,
2118,1.94,Bosnia-Herzegovina,,,
272,1.71,Chile,,,
406,1.78,Spain,right,Attack - Right Winger,-
87,1.76,Italy,right,Midfield - Defensive Midfield,-
338,1.83,Bosnia-Herzegovina,,,
2812,1.76,Italy,left,Attack - Right Winger,-
168,1.79,Argentina,,,
5009,1.82,Martinique,,,
1950,1.83,Italy,left,Defender - Left-Back,30/06/2027
119,1.85,Italy,right,Midfield - Defensive Midfield,-
522,1.83,Italy,right,Defender - Centre-Back,-
1971,1.81,Italy,right,Midfield - Central Midfield,-
37,1.74,Italy,right,Attack - Centre-Forward,-
241,1.93,Greece,left,Midfield - Defensive Midfield,31/05/2027
92,1.82,Brazil,,,
137,1.86,Italy,right,Defender - Centre-Back,-
2086,1.86,Italy,right,Attack - Centre-Forward,30/06/2027
2625,1.82,Italy,,,
295,1.73,Ghana,left,Midfield - Left Midfield,-
247,1.88,Italy,right,Attack - Centre-Forward,-
2489,1.67,Spain,both,Attack - Right Winger,-
2247,1.86,Guinea,,,
415,1.83,Switzerland,,,
4455,1.72,Italy,right,Attack - Second Striker,30/06/2026
369,1.82,Japan,left,Midfield - Attacking Midfield,30/06/2027
5000,1.85,Argentina,,,
5471,1.99,Bosnia-Herzegovina,,,
2196,1.92,Bulgaria,right,Attack - Centre-Forward,-
126,1.83,Italy,right,Attack - Centre-Forward,30/06/2027
258,1.75,Spain,right,Defender - Right-Back,-
277,1.81,Argentina,,,
470,1.86,Netherlands,left,Midfield - Central Midfield,-
478,1.82,Serbia,right,Midfield - Attacking Midfield,30/06/2027
2556,1.82,Denmark,right,Midfield - Attacking Midfield,30/06/2027
236,1.81,Serbia,right,Midfield - Left Midfield,-
1926,1.88,Italy,right,Goalkeeper,30/06/2027
658,1.71,Italy,left,Attack - Right Winger,-
491,1.94,Poland,right,Defender - Centre-Back,30/06/2027
490,1.85,Italy,,,
695,1.85,Italy,,,
2126,1.86,France,right,Midfield - Central Midfield,-
61,1.76,Argentina,,,
720,1.92,Slovenia,right,Goalkeeper,31/05/2027
401,1.85,Morocco,,,
2468,1.83,Colombia,,,
2089,1.9,Serbia,right,Attack - Centre-Forward,-
2617,1.96,France,,,
802,1.74,Colombia,left,Midfield - Left Midfield,-
608,1.88,Colombia,right,Attack - Centre-Forward,30/06/2028
125,1.74,DR Congo,,,
581,1.8,Italy,right,Defender - Right-Back,-
4960,1.84,Italy,right,Defender - Centre-Back,30/06/2027
423,1.88,Italy,right,Defender - Right-Back,-
2646,1.88,Brazil,,,
416,1.8,Morocco,,,
2528,1.94,Serbia,,,
811,1.83,Poland,right,Midfield - Central Midfield,-
234,1.86,Slovakia,right,Midfield - Central Midfield,30/06/2027
297,1.75,Liechtenstein,,,
2652,1.73,Brazil,right,Midfield - Defensive Midfield,-
4470,1.83,Italy,left,Defender - Left-Back,30/06/2027
1930,1.94,Italy,left,Goalkeeper,30/06/2027
2836,1.96,Sweden,,,
2678,1.89,Germany,right,Attack - Centre-Forward,30/06/2028
2200,1.72,Brazil,left,Attack - Right Winger,-
238,1.75,Venezuela,right,Midfield - Defensive Midfield,-
523,1.81,Croatia,right,Defender - Right-Back,-
775,1.88,Argentina,,,
449,1.87,Argentina,,,
5881,1.85,Denmark,right,Attack - Centre-Forward,-
24,1.81,Paraguay,,,
19,1.78,Chile,right,Midfield - Defensive Midfield,-
242,1.76,Argentina,,,
316,1.95,Albania,,,
1954,1.8,Italy,right,Midfield - Central Midfield,-
2649,1.94,Mali,right,Attack - Centre-Forward,-
94,1.85,Poland,left,Attack - Centre-Forward,-
5005,1.89,Netherlands,right,Goalkeeper,30/06/2027
385,1.94,Brazil,right,Goalkeeper,31/12/2028
780,1.83,Poland,,,
260,1.7,Japan,both,Defender - Left-Back,30/06/2027
662,1.8,Brazil,left,Defender - Left-Back,31/12/2027
4496,1.8,Italy,left,Defender - Left-Back,-
177,1.9,Slovenia,,,
133,1.88,Poland,right,Goalkeeper,30/06/2027
477,1.73,Paraguay,,,
4263,1.87,Belgium,,,
4895,1.89,Japan,right,Defender - Centre-Back,31/12/2026
537,1.74,Italy,,,
4725,1.7,Germany,,,
2059,,Germany,,,
4200,1.92,France,left,Attack - Centre-Forward,30/06/2027
40,1.86,Brazil,,,
1893,1.83,Italy,both,Defender - Centre-Back,-
2267,1.78,Italy,right,Attack - Centre-Forward,-
1879,1.72,Brazil,,,
262,1.87,Italy,right,Defender - Left-Back,-
173,1.78,Italy,right,Midfield - Central Midfield,30/06/2028
611,1.87,Brazil,,,
342,1.84,Italy,right,Midfield - Central Midfield,-
2819,1.81,Italy,right,Attack - Centre-Forward,-
5469,1.86,Italy,left,Midfield - Defensive Midfield,30/06/2028
702,1.67,Italy,right,Midfield - Left Midfield,-
405,1.85,Italy,right,Midfield - Defensive Midfield,-
515,1.89,Italy,left,Defender - Centre-Back,-
51,1.72,Italy,left,Defender - Left-Back,-
2804,1.7,Italy,right,Midfield - Defensive Midfield,-
217,1.87,Italy,right,Goalkeeper,30/06/2026
4284,1.78,Spain,right,Midfield - Central Midfield,30/06/2028
97,1.9,Italy,right,Goalkeeper,30/06/2027
440,1.8,Italy,left,Midfield - Attacking Midfield,30/06/2028
2211,1.91,Italy,right,Goalkeeper,-
99,1.82,Italy,right,Defender - Right-Back,-
28,1.86,Slovenia,right,Midfield - Central Midfield,30/06/2027
1902,1.78,Italy,left,Attack - Right Winger,-
637,1.8,Italy,left,Attack - Right Winger,30/06/2027
656,1.9,Germany,,,
2169,1.82,Switzerland,,,
1984,1.93,Italy,right,Defender - Centre-Back,-
596,1.79,Kazakhstan,,,
642,1.89,Italy,left,Defender - Centre-Back,
700,1.78,Bulgaria,both,Attack - Left Winger,-
142,1.68,Portugal,left,Defender - Left-Back,30/06/2026
759,1.85,Ukraine,right,Defender - Centre-Back,-
2809,1.87,Italy,right,Goalkeeper,30/06/2027
4958,1.86,Italy,left,Defender - Centre-Back,30/06/2027
358,1.83,Italy,right,Defender - Right-Back,-
472,1.82,Italy,right,Attack - Centre-Forward,-
2446,1.78,Italy,right,Defender - Right-Back,30/06/2027
76,1.93,Italy,right,Defender - Centre-Back,30/06/2027
150,1.83,Italy,right,Midfield - Attacking Midfield,-
5391,1.84,Russia,right,Attack - Second Striker,-
192,1.88,Italy,right,Defender - Centre-Back,-
697,1.76,Colombia,,,
476,1.88,Colombia,right,Attack - Second Striker,-
4323,1.86,Netherlands,,,
392,1.86,Senegal,,,
2640,1.83,Bosnia-Herzegovina,,,
709,1.87,Serbia,right,Defender - Centre-Back,30/06/2026
1995,1.81,Serbia,right,Midfield - Attacking Midfield,31/05/2027
795,1.78,Italy,,,
141,1.73,France,,,
2515,1.83,England,right,Defender - Right-Back,30/06/2027
707,1.84,Croatia,right,Attack - Centre-Forward,30/06/2027
6661,1.85,Argentina,,,
2776,1.68,Germany,,,
2815,1.93,Italy,right,Goalkeeper,30/06/2027
2531,1.9,Belgium,,,
2780,1.76,Croatia,both,Midfield - Attacking Midfield,30/06/2027
2187,1.8,Italy,right,Attack - Centre-Forward,-
457,1.78,Italy,both,Defender - Left-Back,-
630,1.81,Italy,right,Midfield - Central Midfield,-
315,1.86,Italy,left,Attack - Centre-Forward,-
121,1.77,Romania,both,Attack - Left Winger,-
627,1.84,Moldova,,,
2743,1.87,Paraguay,right,Attack - Centre-Forward,-
366,1.79,Italy,left,Midfield - Central Midfield,-
21,1.73,Italy,right,Attack - Right Winger,30/06/2028
1880,1.8,Italy,right,Attack - Centre-Forward,-
159,1.85,Italy,left,Goalkeeper,-
232,1.84,Ghana,right,Midfield - Defensive Midfield,-
2271,1.9,Brazil,,,
4501,1.85,Equatorial Guinea,,,
1869,1.78,Italy,right,Defender - Centre-Back,-
404,1.8,Italy,,,
2202,1.9,Uruguay,,,
2073,1.83,Italy,right,Attack - Left Winger,-
1866,1.86,Italy,both,Defender - Centre-Back,-
1908,1.78,Italy,right,Attack - Left Winger,-
5508,1.7,Italy,right,Midfield - Defensive Midfield,30/06/2027
4245,1.94,England,,,
386,1.86,Brazil,,,
2280,1.91,Netherlands,left,Defender - Centre-Back,30/06/2027
459,1.85,Greece,right,Defender - Centre-Back,30/06/2027
1964,1.93,Brazil,right,Goalkeeper,30/06/2027
785,1.85,Italy,right,Attack - Centre-Forward,30/06/2027
112,1.82,Argentina,right,Midfield - Attacking Midfield,31/12/2027
424,1.91,Slovenia,right,Defender - Centre-Back,-
589,1.73,Ghana,right,Midfield - Central Midfield,-
2810,1.78,Italy,right,Defender - Centre-Back,30/06/2028
583,1.83,France,right,Defender - Centre-Back,-
2090,1.79,Argentina,,,
2264,1.83,Italy,left,Midfield - Central Midfield,-
218,1.88,Italy,right,Goalkeeper,30/06/2027
799,1.88,Italy,right,Goalkeeper,-
57,1.84,Italy,left,Midfield - Defensive Midfield,-
1992,1.8,Italy,right,Midfield - Defensive Midfield,30/06/2027
322,1.89,Netherlands,right,Defender - Centre-Back,30/06/2027
11,1.84,Italy,right,Defender - Right-Back,-
144,1.83,Italy,right,Defender - Centre-Back,-
6991,1.96,Switzerland,right,Goalkeeper,30/06/2026
2064,1.85,Albania,,,
639,1.85,Switzerland,,,
283,1.9,Brazil,,,
419,1.86,Costa Rica,right,Defender - Centre-Back,31/12/2026
375,1.77,Spain,left,Attack - Right Winger,30/06/2029
302,1.82,Argentina,both,Midfield - Central Midfield,-
407,1.86,Italy,left,Attack - Centre-Forward,-
5759,1.81,Portugal,right,Midfield - Central Midfield,-
165,1.88,Spain,left,Defender - Centre-Back,30/06/2028
520,1.85,Italy,left,Defender - Centre-Back,30/06/2026
2535,1.71,Portugal,,,
2309,1.87,Argentina,,,
582,1.79,Brazil,left,Defender - Left-Back,-
2199,1.82,Argentina,,,
2758,1.85,Germany,,,
4228,1.82,Algeria,,,
1852,1.86,Italy,right,Defender - Left-Back,30/06/2028
4979,1.85,Türkiye,,,
532,1.86,Italy,left,Attack - Centre-Forward,-
273,1.87,Italy,,,
507,1.8,Colombia,right,Attack - Centre-Forward,31/12/2027
377,1.81,Colombia,right,Attack - Centre-Forward,31/12/2026
2504,1.86,Germany,,,
194,1.83,Italy,,,
193,1.87,Italy,left,Defender - Centre-Back,-
213,1.8,Italy,right,Attack - Centre-Forward,30/06/2027
621,1.78,Italy,,,
256,1.85,Brazil,,,
303,1.91,France,,,
640,1.84,Romania,right,Midfield - Defensive Midfield,-
2287,1.83,Uruguay,left,Midfield - Central Midfield,31/12/2026
4472,1.87,Italy,right,Defender - Centre-Back,-
75,1.85,Italy,right,Defender - Centre-Back,-
252,1.85,Italy,left,Defender - Left-Back,30/06/2027
279,1.85,Italy,right,Attack - Centre-Forward,30/06/2027
550,1.93,Serbia,right,Defender - Centre-Back,-
84,1.86,Italy,right,Defender - Centre-Back,-
183,1.85,Senegal,,,
527,1.75,Tunisia,,,
2651,1.87,Argentina,,,
2181,1.88,Argentina,,,
586,1.74,Paraguay,,,
549,1.96,Sweden,right,Defender - Centre-Back,31/12/2027
721,1.81,Bosnia-Herzegovina,,,
296,,Morocco,,,
2194,1.78,Türkiye,,,
397,1.75,Brazil,,,
2583,1.82,France,,,
2297,1.93,Italy,right,Goalkeeper,30/06/2027
390,1.84,Algeria,,,
657,1.78,France,left,Defender - Left-Back,30/06/2029
4891,1.87,France,,,
2290,1.81,France,right,Midfield - Attacking Midfield,-
2860,1.78,Morocco,,,
327,1.84,Spain,right,Defender - Centre-Back,30/06/2027
270,1.88,Central African Republic,,,
4491,1.85,Italy,right,Goalkeeper,-
2085,1.83,Spain,right,Midfield - Attacking Midfield,30/06/2027
313,1.89,Spain,right,Attack - Centre-Forward,30/06/2029
711,1.85,England,,,
339,1.75,Jamaica,,,
1874,1.74,Italy,,,
398,1.85,Spain,right,Defender - Centre-Back,30/06/2027
2655,1.74,Brazil,,,
2119,1.77,Spain,right,Attack - Centre-Forward,-
789,1.88,Italy,left,Attack - Centre-Forward,30/06/2026
2065,1.81,Belgium,right,Midfield - Central Midfield,30/06/2028
4426,1.82,Germany,,,
587,1.91,Mali,,,
195,1.78,Italy,left,Defender - Left-Back,30/06/2027
376,1.74,Italy,both,Midfield - Attacking Midfield,30/06/2027
464,1.73,Italy,right,Defender - Right-Back,-
2070,1.85,Italy,right,Attack - Centre-Forward,30/06/2027
93,1.85,Nigeria,,,
2249,1.92,Dominican Republic,,,
1939,1.78,Peru,,,
2389,1.86,DR Congo,,,
513,1.92,Italy,left,Defender - Centre-Back,-
542,1.87,Uruguay,,,
259,1.82,Colombia,,,
430,1.75,Uruguay,,,
2867,1.78,Costa Rica,left,Attack - Second Striker,-
341,1.73,Nigeria,right,Midfield - Defensive Midfield,-
2825,1.83,Morocco,,,
4425,1.97,Finland,right,Goalkeeper,30/06/2027
90,,,,,
22,1.86,Netherlands,right,Midfield - Defensive Midfield,30/06/2027
409,1.63,Italy,right,Attack - Left Winger,30/06/2027
4476,1.92,Italy,right,Midfield - Central Midfield,-
556,1.82,Italy,right,Midfield - Central Midfield,-
5071,1.78,Spain,right,Attack - Left Winger,30/06/2028
4477,1.9,Italy,right,Attack - Centre-Forward,30/06/2028
2772,1.73,Denmark,,,
158,1.95,Italy,right,Goalkeeper,30/06/2028
2642,1.83,Italy,right,Midfield - Central Midfield,30/06/2026
188,1.93,Italy,right,Goalkeeper,30/06/2028
5470,1.76,Italy,right,Midfield - Defensive Midfield,30/06/2026
2653,1.91,Greece,left,Defender - Left-Back,-
699,1.8,Colombia,right,Midfield - Attacking Midfield,-
1867,1.88,Slovenia,left,Defender - Centre-Back,-
1892,1.88,Brazil,,,
420,1.84,Morocco,,,
2645,1.74,Brazil,left,Midfield - Attacking Midfield,30/11/2026
1955,1.75,Albania,,,
4956,1.9,Italy,right,Goalkeeper,-
1858,1.79,Czech Republic,left,Midfield - Left Midfield,30/06/2027
651,1.77,Italy,right,Midfield - Defensive Midfield,30/06/2027
544,1.85,Brazil,,,
264,1.78,Italy,,,
1999,1.8,Belgium,,,
1949,1.86,Italy,right,Defender - Centre-Back,30/06/2027
794,1.78,Spain,both,Attack - Left Winger,-
448,1.79,North Macedonia,right,Attack - Left Winger,30/06/2026
2453,1.87,Serbia,left,Defender - Centre-Back,-
181,1.87,Uruguay,,,
2104,1.83,Poland,right,Defender - Right-Back,30/06/2028
6438,1.85,Greece,,,
275,1.8,Algeria,,,
2771,1.76,Kosovo,,,
555,1.79,Ghana,right,Midfield - Central Midfield,-
715,1.79,Chile,right,Attack - Centre-Forward,-
4237,1.84,Brazil,right,Defender - Centre-Back,31/12/2026
2128,1.84,Australia,,,
1901,1.85,Italy,right,Midfield - Central Midfield,30/06/2027
514,1.86,Italy,right,Defender - Centre-Back,-
1958,1.71,Italy,right,Attack - Second Striker,30/06/2027
481,1.88,Italy,left,Goalkeeper,30/06/2027
4529,1.8,Denmark,right,Defender - Right-Back,30/06/2027
2817,1.81,Switzerland,,,
2662,1.81,Romania,left,Defender - Centre-Back,-
788,1.81,Switzerland,right,Midfield - Central Midfield,-
2466,1.89,Belgium,,,
7135,1.7,Romania,right,Midfield - Attacking Midfield,30/06/2027
646,1.75,Egypt,left,Attack - Right Winger,30/06/2028
546,1.78,Brazil,right,Defender - Right-Back,30/09/2026
2659,1.87,Burkina Faso,,,
2273,1.85,Italy,right,Defender - Centre-Back,30/06/2027
664,1.79,Italy,right,Midfield - Central Midfield,30/06/2027
2165,1.87,Brazil,left,Defender - Centre-Back,31/12/2028
2124,1.78,Slovenia,right,Midfield - Central Midfield,30/06/2027
85,1.83,Brazil,,,
265,1.81,Croatia,both,Midfield - Defensive Midfield,-
2145,1.92,Bosnia-Herzegovina,,,
382,1.88,Senegal,,,
4890,1.82,France,,,
2873,1.88,Poland,right,Attack - Centre-Forward,-
83,1.8,Italy,right,Midfield - Central Midfield,-
433,1.84,Sweden,right,Midfield - Central Midfield,-
337,1.87,Netherlands,,,
765,1.84,Albania,,,
123,1.86,Italy,right,Attack - Centre-Forward,-
335,1.75,Brazil,right,Attack - Left Winger,31/12/2027
4453,1.84,Venezuela,,,
2243,1.7,Italy,left,Attack - Right Winger,30/06/2026
5454,1.82,Italy,right,Attack - Centre-Forward,30/06/2027
1898,1.88,Italy,right,Defender - Right-Back,-
2314,1.8,Croatia,right,Midfield - Defensive Midfield,-
74,1.73,Italy,both,Defender - Right-Back,30/06/2027
2241,1.85,Italy,left,Defender - Centre-Back,-
2071,1.92,Belgium,right,Defender - Centre-Back,30/06/2028
6893,1.86,Germany,left,Defender - Centre-Back,30/06/2027
612,1.89,Italy,right,Defender - Centre-Back,30/06/2027
4711,1.84,Serbia,left,Midfield - Left Midfield,30/06/2028
2135,1.67,Italy,left,Attack - Left Winger,-
565,1.7,Venezuela,,,
38,1.85,Italy,left,Attack - Centre-Forward,30/06/2027
294,1.9,Italy,right,Defender - Centre-Back,30/06/2028
600,1.81,Italy,right,Midfield - Attacking Midfield,-
5320,1.93,Italy,right,Goalkeeper,30/06/2027
2112,1.85,Senegal,,,
135,1.84,Italy,right,Defender - Right-Back,30/06/2026
5006,1.89,Italy,right,Defender - Centre-Back,-
643,1.79,France,,,
205,1.77,Italy,left,Midfield - Central Midfield,30/06/2027
4962,1.79,Italy,right,Attack - Left Winger,30/06/2027
540,1.96,Senegal,,,
1851,1.8,Italy,right,Midfield - Right Midfield,-
18,1.92,Italy,right,Defender - Centre-Back,-
1891,1.87,Italy,right,Defender - Centre-Back,-
139,1.94,Albania,,,
156,1.74,Italy,right,Midfield - Central Midfield,30/06/2027
151,1.78,Venezuela,,,
1865,1.86,Italy,left,Defender - Centre-Back,-
1896,1.84,Italy,left,Defender - Left-Back,30/06/2027
4398,1.8,Romania,right,Defender - Right-Back,30/06/2026
5495,1.87,Italy,left,Attack - Centre-Forward,30/06/2027
2215,1.77,France,right,Midfield - Central Midfield,30/06/2027
2068,1.82,France,,,
2789,1.87,France,,,
1953,1.88,Croatia,,,
787,1.9,Albania,,,
400,1.78,Italy,right,Midfield - Central Midfield,-
81,1.69,Italy,right,Attack - Left Winger,-
86,1.72,Italy,right,Midfield - Central Midfield,-
134,1.87,Italy,left,Defender - Centre-Back,30/06/2027
536,1.71,Italy,left,Attack - Right Winger,30/06/2028
631,1.8,Italy,right,Midfield - Defensive Midfield,-
468,1.82,Argentina,right,Midfield - Defensive Midfield,31/12/2028
4330,1.88,Denmark,right,Midfield - Defensive Midfield,30/06/2028
207,1.77,Italy,right,Midfield - Right Midfield,-
791,1.76,Italy,right,Defender - Right-Back,30/06/2028
441,1.81,Italy,right,Attack - Centre-Forward,-
2274,1.87,Italy,right,Midfield - Central Midfield,30/06/2028
2116,1.87,Italy,right,Midfield - Central Midfield,-
305,1.81,Italy,right,Midfield - Central Midfield,-
60,1.88,Italy,right,Midfield - Central Midfield,-
4272,1.88,Belgium,right,Midfield - Defensive Midfield,-
498,1.76,Slovakia,right,Midfield - Central Midfield,-
796,1.88,France,,,
809,1.82,Serbia,right,Midfield - Attacking Midfield,31/05/2027
588,1.83,Switzerland,right,Defender - Right-Back,-
580,1.75,Brazil,right,Midfield - Central Midfield,31/12/2026
4494,1.86,Brazil,,,
718,1.83,Spain,right,Attack - Centre-Forward,-
4967,1.92,Serbia,,,
2816,1.83,Italy,right,Defender - Right-Back,30/06/2028
5286,1.8,Cote d'Ivoire,,,
471,1.82,Türkiye,right,Midfield - Central Midfield,-
712,1.84,Gabon,,,
2778,1.75,Slovenia,right,Midfield - Defensive Midfield,30/06/2027
1868,1.8,Italy,left,Defender - Left-Back,-
225,1.69,Portugal,right,Defender - Right-Back,-
5079,1.86,Finland,right,Attack - Centre-Forward,30/06/2029
554,1.82,Italy,right,Midfield - Right Midfield,30/06/2028
2784,1.91,The Gambia,left,Defender - Centre-Back,30/06/2027
2285,1.88,Italy,right,Defender - Centre-Back,30/06/2028
361,1.91,Brazil,,,
4334,1.84,Brazil,,,
531,1.83,Italy,left,Attack - Right Winger,30/06/2029
2087,1.85,Uruguay,,,
4475,1.8,Slovenia,right,Midfield - Central Midfield,30/06/2027
152,1.8,Poland,,,
5684,1.88,Guinea,,,
4423,1.88,Brazil,both,Midfield - Central Midfield,30/06/2028
79,1.75,Brazil,right,Defender - Right-Back,31/07/2026
6025,1.75,Netherlands,,,
2639,1.89,France,,,
2310,1.82,Portugal,right,Defender - Right-Back,30/06/2027
2357,1.8,France,,,
1986,1.85,Cote d'Ivoire,,,
4312,1.91,France,,,
2379,1.91,France,left,Midfield - Central Midfield,30/06/2028
4414,1.88,Suriname,,,
4182,1.79,Netherlands,right,Midfield - Central Midfield,30/06/2027
2869,1.84,Cote d'Ivoire,,,
223,1.73,Senegal,,,
5450,1.78,Slovenia,right,Midfield - Right Midfield,30/06/2028
663,1.84,Sweden,right,Defender - Right-Back,-
2369,1.81,France,left,Attack - Right Winger,30/06/2028
526,1.78,Ghana,,,
4385,1.81,Austria,right,Midfield - Right Midfield,-
71,1.88,Croatia,left,Defender - Centre-Back,-
2746,1.94,Netherlands,left,Defender - Left-Back,-
5864,1.79,Italy,right,Attack - Left Winger,30/06/2027
186,1.85,Croatia,right,Attack - Left Winger,-
2075,1.75,Uruguay,,,
6442,1.78,Italy,both,Attack - Right Winger,30/06/2027
2203,1.86,Italy,left,Defender - Left-Back,-
601,1.82,Uruguay,left,Attack - Centre-Forward,31/12/2029
1923,1.78,Argentina,,,
547,1.87,Uruguay,,,
2660,1.78,Argentina,,,
1876,1.85,Croatia,left,Defender - Left-Back,30/06/2029
659,1.81,Montenegro,,,
2012,1.86,Poland,left,Attack - Centre-Forward,30/06/2027
6550,1.82,Switzerland,,,
2161,1.78,Switzerland,right,Midfield - Central Midfield,-
4287,1.68,Slovakia,right,Midfield - Defensive Midfield,30/06/2027
2870,1.91,Nigeria,,,
2658,1.74,Portugal,left,Attack - Right Winger,-
4498,1.83,Scotland,right,Midfield - Central Midfield,30/06/2027
1997,1.98,Nigeria,right,Attack - Centre-Forward,-
2185,1.79,Germany,both,Midfield - Defensive Midfield,-
2692,1.82,Spain,left,Attack - Right Winger,-
1907,1.86,Italy,left,Midfield - Defensive Midfield,-
5863,1.8,Italy,left,Midfield - Defensive Midfield,30/06/2027
2062,1.84,Angola,right,Defender - Centre-Back,-
4381,1.79,Türkiye,,,
184,1.83,Italy,left,Attack - Right Winger,30/06/2027
1847,1.87,Italy,right,Defender - Centre-Back,-
801,1.88,Italy,right,Midfield - Central Midfield,-
27,1.83,Italy,right,Midfield - Defensive Midfield,30/06/2027
45,1.91,Italy,right,Defender - Centre-Back,30/06/2027
817,1.75,Italy,left,Midfield - Left Midfield,30/06/2028
175,1.83,Italy,right,Defender - Right-Back,30/06/2028
805,1.75,Italy,right,Defender - Right-Back,30/06/2027
460,1.85,Italy,left,Defender - Centre-Back,30/06/2027
306,1.94,Italy,right,Attack - Centre-Forward,30/06/2029
2499,1.79,England,right,Attack - Centre-Forward,-
2814,1.94,Italy,right,Goalkeeper,30/06/2029
2175,1.86,Portugal,right,Attack - Centre-Forward,30/06/2027
615,1.92,Sweden,left,Defender - Centre-Back,31/12/2028
2013,1.75,Italy,left,Attack - Right Winger,-
4990,1.76,Italy,both,Midfield - Defensive Midfield,-
254,1.75,Italy,left,Defender - Left-Back,30/06/2027
362,1.89,Czech Republic,,,
5482,1.86,Italy,right,Defender - Centre-Back,-
779,1.86,Italy,,,
383,1.9,Italy,left,Attack - Centre-Forward,30/06/2027
2773,1.78,Italy,both,Attack - Right Winger,-
202,1.77,Ghana,,,
333,1.8,Italy,right,Midfield - Defensive Midfield,30/06/2027
2083,1.82,Italy,right,Defender - Centre-Back,30/06/2028
2105,1.82,Italy,left,Defender - Left-Back,30/06/2027
5506,1.82,Ghana,,,
4,1.92,Italy,right,Goalkeeper,30/06/2028
140,1.82,Albania,right,Defender - Right-Back,-
4963,1.72,Italy,left,Attack - Right Winger,30/06/2027
1980,1.8,Italy,left,Midfield - Attacking Midfield,-
106,1.84,Italy,right,Defender - Right-Back,-
557,1.84,Italy,right,Midfield - Central Midfield,-
2629,1.74,Senegal,,,
4507,1.77,Italy,right,Attack - Centre-Forward,30/06/2028
4249,1.78,Brazil,,,
2163,1.93,Denmark,left,Attack - Centre-Forward,30/06/2027
5397,1.82,Ukraine,right,Midfield - Central Midfield,-
798,1.87,Slovakia,right,Defender - Centre-Back,30/06/2029
5490,1.85,Israel,,,
2180,1.84,Netherlands,right,Defender - Right-Back,-
2866,1.88,Netherlands,right,Midfield - Attacking Midfield,-
660,1.89,Slovakia,right,Defender - Centre-Back,-
2183,1.72,Italy,right,Midfield - Attacking Midfield,-
2014,1.82,Sweden,right,Midfield - Central Midfield,-
2077,1.88,Croatia,right,Midfield - Central Midfield,30/06/2028
1998,1.86,Croatia,right,Attack - Left Winger,30/06/2027
309,1.77,Argentina,,,
437,1.83,Sweden,,,
50,1.88,Senegal,right,Defender - Right-Back,-
4427,1.81,Ukraine,left,Midfield - Central Midfield,30/06/2029
5435,1.71,Spain,left,Defender - Left-Back,-
2553,1.88,England,,,
1917,1.91,Poland,right,Goalkeeper,30/06/2029
2198,1.86,Poland,right,Attack - Centre-Forward,30/06/2027
6464,1.87,Poland,right,Defender - Centre-Back,30/06/2027
281,1.88,Romania,right,Attack - Centre-Forward,30/06/2027
2110,1.81,Sweden,,,
672,1.82,Italy,both,Midfield - Defensive Midfield,-
1956,1.67,Romania,right,Attack - Left Winger,31/12/2026
4904,1.93,Spain,left,Defender - Centre-Back,-
2327,1.83,Poland,right,Attack - Centre-Forward,30/06/2028
4968,1.85,Croatia,left,Midfield - Central Midfield,-
2827,1.7,Venezuela,,,
4337,1.82,Switzerland,,,
5714,1.87,Cote d'Ivoire,,,
4390,1.78,Suriname,,,
2052,1.85,Paraguay,right,Defender - Centre-Back,31/12/2027
644,1.88,Chile,right,Midfield - Defensive Midfield,31/12/2027
6250,1.88,Croatia,,,
5008,1.86,Brazil,right,Midfield - Defensive Midfield,-
1978,1.68,Italy,right,Midfield - Central Midfield,30/06/2028
2650,1.96,Uruguay,,,
2832,1.72,Cote d'Ivoire,,,
5486,1.88,Slovenia,right,Midfield - Central Midfield,-
1952,1.77,Italy,right,Midfield - Right Midfield,30/06/2028
179,1.76,Italy,right,Midfield - Defensive Midfield,30/06/2027
2210,1.74,Uruguay,,,
4333,1.8,Bulgaria,right,Attack - Right Winger,30/06/2027
1934,1.93,Albania,,,
4338,1.72,Montenegro,,,
6680,1.82,Sweden,right,Midfield - Defensive Midfield,30/06/2028
6066,1.88,Austria,right,Defender - Centre-Back,30/06/2029
641,1.8,Cameroon,,,
5797,1.88,Cameroon,,,
2007,1.91,Brazil,right,Defender - Centre-Back,30/11/2026
2008,1.75,Poland,right,Midfield - Central Midfield,-
6533,1.85,Argentina,,,
1976,1.84,Italy,right,Midfield - Central Midfield,30/06/2027
2129,1.95,Croatia,right,Defender - Centre-Back,30/06/2027
4404,1.88,Norway,right,Midfield - Central Midfield,30/06/2028
495,1.88,Argentina,,,
5399,1.87,Bulgaria,right,Defender - Centre-Back,30/06/2027
5695,1.75,Suriname,,,
334,1.83,Italy,left,Midfield - Left Midfield,-
4424,1.79,Spain,left,Attack - Left Winger,-
2292,1.74,Argentina,,,
2051,1.83,Norway,left,Defender - Centre-Back,31/12/2027
2177,1.8,Angola,,,
235,1.78,Uruguay,,,
65,1.82,Italy,right,Attack - Centre-Forward,-
4986,1.74,Italy,left,Midfield - Central Midfield,30/06/2028
2015,1.88,Netherlands,right,Defender - Centre-Back,-
1941,1.9,Italy,right,Goalkeeper,30/06/2028
163,1.81,Brazil,right,Defender - Right-Back,31/12/2027
4342,1.8,Slovakia,right,Midfield - Central Midfield,30/06/2027
4693,1.8,Germany,right,Midfield - Central Midfield,30/06/2028
5830,1.9,Cameroon,right,Goalkeeper,30/06/2027
479,1.8,Paraguay,,,
4677,1.79,Cote d'Ivoire,,,
2664,1.93,Morocco,right,Defender - Centre-Back,-
1871,1.9,Italy,right,Midfield - Central Midfield,30/06/2029
5869,1.86,France,right,Midfield - Defensive Midfield,30/06/2027
2865,1.84,Nigeria,,,
5748,1.83,Switzerland,right,Defender - Right-Back,30/06/2027
2854,1.86,Croatia,right,Midfield - Defensive Midfield,-
2134,1.95,Italy,right,Goalkeeper,30/06/2028
694,1.78,Uruguay,,,
345,1.78,Senegal,,,
454,1.85,Uganda,,,
5494,1.77,Italy,right,Attack - Left Winger,30/06/2028
2853,1.83,Italy,right,Attack - Centre-Forward,30/06/2028
1982,1.8,Italy,right,Attack - Left Winger,30/06/2028
574,1.93,Italy,right,Goalkeeper,30/06/2028
5479,1.88,Italy,left,Defender - Centre-Back,30/06/2027
1856,1.89,Romania,left,Defender - Centre-Back,30/06/2028
2188,1.85,Montenegro,,,
5773,1.8,Austria,left,Defender - Left-Back,30/06/2027
4894,1.82,Slovakia,right,Attack - Left Winger,-
4397,1.89,Slovakia,right,Defender - Centre-Back,30/06/2027
2261,1.9,Italy,right,Defender - Centre-Back,30/06/2027
2174,1.79,Italy,right,Defender - Right-Back,-
517,1.83,Italy,left,Defender - Centre-Back,-
500,1.87,Croatia,right,Defender - Centre-Back,30/06/2028
328,1.88,Croatia,left,Defender - Centre-Back,31/12/2026
590,1.83,Portugal,right,Midfield - Attacking Midfield,30/06/2027
2040,1.8,Italy,right,Attack - Right Winger,-
572,1.9,Italy,left,Goalkeeper,30/06/2027
2106,1.75,Italy,right,Midfield - Attacking Midfield,30/06/2028
511,1.96,Italy,right,Goalkeeper,-
73,1.8,Sweden,,,
2745,1.86,Italy,right,Defender - Centre-Back,30/06/2027
2253,1.8,Italy,left,Midfield - Central Midfield,30/06/2027
371,1.69,Italy,,,
4992,1.81,Ghana,,,
4999,1.83,Netherlands,left,Defender - Centre-Back,30/06/2027
505,1.85,Italy,left,Attack - Centre-Forward,30/06/2028
1979,1.8,Italy,left,Defender - Left-Back,30/06/2027
4957,1.91,Italy,right,Goalkeeper,30/06/2028
4373,1.85,Czech Republic,right,Defender - Centre-Back,30/06/2027
1974,1.91,Czech Republic,left,Attack - Centre-Forward,30/06/2030
2792,1.93,Argentina,,,
418,1.93,Italy,right,Defender - Centre-Back,30/06/2028
2136,1.86,Senegal,,,
2750,1.83,Slovakia,right,Attack - Centre-Forward,30/06/2027
307,1.81,France,,,
5857,1.87,DR Congo,,,
2244,1.8,Italy,right,Midfield - Central Midfield,-
610,1.94,Italy,right,Goalkeeper,30/06/2027
2082,1.78,Brazil,left,Attack - Centre-Forward,31/12/2026
442,1.7,Italy,right,Attack - Left Winger,30/06/2028
2009,1.82,Serbia,right,Midfield - Central Midfield,30/06/2030
605,1.92,Croatia,right,Attack - Centre-Forward,31/12/2026
5063,1.82,Serbia,right,Attack - Left Winger,-
5239,1.86,Spain,right,Defender - Centre-Back,30/06/2028
2192,1.87,Italy,right,Defender - Centre-Back,-
2863,1.87,Switzerland,right,Midfield - Defensive Midfield,30/06/2029
6584,1.74,Israel,,,
4493,1.89,Poland,both,Defender - Centre-Back,-
4260,1.78,England,right,Midfield - Defensive Midfield,30/06/2028
2037,1.92,Belgium,left,Defender - Centre-Back,31/12/2026
4665,1.93,Chile,right,Defender - Centre-Back,30/06/2028
5481,1.83,Italy,right,Defender - Right-Back,30/06/2027
2845,1.9,Italy,,,
2255,1.89,Italy,right,Goalkeeper,-
4657,1.8,Türkiye,right,Defender - Right-Back,30/06/2029
2593,1.78,Spain,left,Defender - Left-Back,30/06/2027
4524,1.8,Sweden,,,
431,1.88,Bulgaria,both,Midfield - Central Midfield,30/06/2028
324,1.93,Netherlands,left,Defender - Centre-Back,-
155,1.86,Italy,right,Attack - Second Striker,30/06/2027
800,1.9,Croatia,right,Goalkeeper,30/06/2027
5001,1.82,Russia,left,Midfield - Attacking Midfield,31/12/2027
6237,1.85,Poland,right,Defender - Centre-Back,-
2057,1.87,Sweden,right,Midfield - Defensive Midfield,-
790,1.84,Brazil,,,
716,1.81,Brazil,,,
5880,1.78,Italy,both,Midfield - Right Midfield,30/06/2028
1996,1.78,Argentina,,,
1870,1.75,Italy,right,Midfield - Central Midfield,30/06/2029
5012,1.94,Kosovo,,,
761,1.92,Indonesia,,,
2114,1.93,Croatia,right,Attack - Centre-Forward,30/06/2027
215,1.68,Italy,left,Attack - Right Winger,-
2296,1.9,Italy,right,Defender - Centre-Back,30/06/2029
2279,1.86,Italy,right,Defender - Centre-Back,-
2067,1.82,Mexico,right,Defender - Centre-Back,31/12/2027
317,1.87,Italy,right,Goalkeeper,-
724,1.83,Italy,right,Midfield - Central Midfield,30/06/2027
2438,1.82,Serbia,,,
2170,2.02,Serbia,,,
1890,1.9,Italy,right,Goalkeeper,30/06/2027
4409,1.92,Kosovo,,,
5332,1.81,Italy,left,Midfield - Central Midfield,-
2661,1.78,Jamaica,,,
3,1.94,Serbia,right,Goalkeeper,30/06/2029
2795,1.82,Netherlands,right,Defender - Right-Back,30/06/2027
7133,1.77,Belgium,right,Midfield - Central Midfield,30/06/2028
148,1.84,Bosnia-Herzegovina,,,
2320,1.92,Denmark,right,Defender - Centre-Back,30/06/2029
5377,1.8,Italy,left,Midfield - Left Midfield,30/06/2028
2212,1.91,Finland,right,Defender - Centre-Back,31/12/2028
575,1.85,Iraq,left,Defender - Centre-Back,-
6458,1.84,Germany,,,
2197,1.85,Belgium,right,Defender - Right-Back,30/06/2027
357,1.76,Italy,right,Defender - Right-Back,30/06/2028
5293,1.84,Colombia,,,
2283,1.89,Bosnia-Herzegovina,left,Attack - Centre-Forward,31/05/2027
4886,1.88,Uruguay,left,Midfield - Attacking Midfield,31/12/2026
2281,1.84,Italy,right,Attack - Centre-Forward,30/06/2027
2156,1.9,Italy,right,Goalkeeper,30/06/2026
2155,1.83,Italy,right,Attack - Centre-Forward,30/06/2029
827,1.85,Italy,right,Midfield - Defensive Midfield,30/06/2030
5947,1.8,Australia,,,
645,1.92,Serbia,,,
4975,1.82,Argentina,,,
1951,1.8,Italy,right,Defender - Right-Back,30/06/2027
7249,1.91,Poland,left,Attack - Centre-Forward,30/06/2029
5472,1.98,Norway,right,Attack - Centre-Forward,30/06/2027
2739,1.87,Poland,left,Midfield - Left Midfield,30/06/2028
2152,1.88,Austria,,,
5850,1.8,Slovenia,,,
595,1.81,Brazil,left,Midfield - Central Midfield,31/12/2027
5002,1.83,Serbia,right,Midfield - Central Midfield,30/06/2027
2172,1.9,Czech Republic,left,Midfield - Attacking Midfield,30/06/2027
5379,1.86,Cameroon,,,
6047,1.89,Netherlands,,,
2160,1.83,Germany,,,
2355,1.82,Brazil,right,Defender - Centre-Back,30/06/2028
2130,1.87,Netherlands,right,Defender - Right-Back,-
1942,1.78,Guinea-Bissau,,,
5899,1.87,France,right,Defender - Centre-Back,30/06/2027
1895,1.89,Italy,left,Defender - Centre-Back,30/06/2027
4772,1.71,Spain,left,Defender - Left-Back,30/06/2027
2079,1.8,Brazil,,,
393,1.91,Italy,left,Defender - Centre-Back,30/06/2030
1906,1.8,Italy,right,Attack - Right Winger,30/06/2026
5455,1.91,Italy,right,Attack - Centre-Forward,30/06/2027
2324,1.73,"Korea, South",right,Attack - Left Winger,-
2614,1.75,Spain,right,Defender - Right-Back,30/06/2029
4807,1.84,Spain,left,Defender - Centre-Back,30/06/2027
4987,1.83,Italy,right,Midfield - Defensive Midfield,30/06/2027
2032,1.82,Romania,,,
5603,1.93,Croatia,,,
6673,1.87,Croatia,,,
2061,1.8,Argentina,,,
2868,1.82,Argentina,,,
4884,1.73,Spain,left,Attack - Right Winger,30/06/2027
2787,1.77,Italy,right,Defender - Right-Back,30/06/2028
2752,1.9,Denmark,left,Defender - Centre-Back,-
2826,1.8,Argentina,,,
632,1.77,Italy,right,Attack - Left Winger,30/06/2029
4421,1.8,Italy,left,Defender - Left-Back,30/06/2027
2747,1.92,Argentina,,,
4185,1.8,England,,,
4964,1.94,Italy,right,Goalkeeper,30/06/2028
4473,1.86,Italy,right,Defender - Centre-Back,30/06/2028
530,1.86,Italy,right,Midfield - Attacking Midfield,30/06/2027
4419,1.89,Spain,left,Goalkeeper,30/06/2029
49,1.91,Morocco,,,
4985,1.86,Italy,right,Defender - Right-Back,30/06/2027
4522,1.85,Morocco,,,
2208,1.84,Poland,left,Defender - Centre-Back,30/06/2029
147,1.75,Senegal,left,Midfield - Defensive Midfield,30/06/2027
246,1.78,Italy,right,Attack - Second Striker,30/06/2028
2742,1.84,Italy,both,Midfield - Central Midfield,30/06/2027
633,1.83,Algeria,,,
5315,1.82,Italy,left,Midfield - Attacking Midfield,30/06/2028
654,1.85,Italy,right,Goalkeeper,30/06/2027
5488,1.78,Italy,right,Midfield - Defensive Midfield,30/06/2028
447,1.82,Italy,right,Attack - Centre-Forward,30/06/2027
4984,1.79,Uruguay,,,
1988,1.76,Brazil,left,Midfield - Attacking Midfield,31/05/2028
2003,1.85,Italy,right,Midfield - Central Midfield,-
2299,1.82,Italy,right,Attack - Centre-Forward,30/06/2027
4210,1.95,Colombia,right,Defender - Centre-Back,30/06/2028
2072,1.75,DR Congo,,,
4997,1.73,Switzerland,right,Defender - Right-Back,30/06/2027
6966,1.89,France,right,Goalkeeper,30/06/2030
2206,1.8,Italy,left,Defender - Left-Back,30/06/2026
4681,1.67,France,,,
669,1.75,Ghana,right,Midfield - Defensive Midfield,-
5873,1.78,Poland,both,Midfield - Attacking Midfield,30/06/2028
1844,1.82,Italy,left,Defender - Centre-Back,-
2286,1.74,Italy,right,Midfield - Central Midfield,30/06/2028
5801,1.86,France,,,
726,1.84,Italy,left,Midfield - Central Midfield,30/06/2027
599,1.84,Italy,right,Midfield - Central Midfield,30/06/2029
4329,1.88,Greece,left,Defender - Centre-Back,30/06/2027
4758,1.94,Croatia,right,Defender - Centre-Back,-
4184,1.75,Croatia,right,Attack - Left Winger,30/06/2028
6820,1.87,Croatia,,,
5687,1.79,Croatia,right,Midfield - Attacking Midfield,30/06/2027
5328,1.84,Bosnia-Herzegovina,right,Midfield - Attacking Midfield,30/06/2028
1850,1.83,Cote d'Ivoire,,,
4965,1.78,Romania,right,Midfield - Central Midfield,30/06/2028
5676,1.82,Nigeria,right,Attack - Centre-Forward,-
5017,1.82,Senegal,,,
2252,1.86,Italy,left,Defender - Centre-Back,30/06/2028
4926,1.86,Italy,right,Midfield - Central Midfield,-
2336,1.8,Italy,right,Midfield - Right Midfield,30/06/2027
2117,1.79,Cyprus,left,Midfield - Central Midfield,30/06/2027
2006,1.83,Spain,right,Defender - Right-Back,-
5233,1.82,Spain,right,Attack - Centre-Forward,30/06/2027
6207,1.83,Sweden,left,Attack - Right Winger,30/06/2027
2213,1.83,Italy,right,Midfield - Central Midfield,30/06/2027
2878,1.69,Italy,left,Attack - Right Winger,30/06/2027
5876,1.87,Italy,right,Goalkeeper,30/06/2029
673,1.92,Italy,left,Goalkeeper,-
4377,1.87,Italy,right,Midfield - Central Midfield,-
2594,1.87,Uruguay,right,Defender - Centre-Back,31/12/2026
4454,,Italy,right,Defender - Right-Back,30/06/2027
4403,1.95,Germany,,,
4751,1.85,England,,,
1843,1.88,Romania,right,Goalkeeper,30/06/2029
6650,1.97,Albania,right,Goalkeeper,30/06/2028
5800,1.77,Iceland,right,Attack - Second Striker,30/06/2029
6628,1.87,Iran,right,Attack - Centre-Forward,30/06/2027
731,1.82,Venezuela,,,
649,1.82,Albania,,,
1933,1.83,Italy,left,Midfield - Defensive Midfield,30/06/2028
1990,1.86,Venezuela,,,
2151,1.83,Slovenia,right,Attack - Centre-Forward,30/06/2027
4881,1.81,Germany,left,Defender - Left-Back,30/06/2028
2326,1.84,Venezuela,right,Midfield - Defensive Midfield,30/06/2026
5480,1.87,Nigeria,,,
2769,1.92,Italy,right,Defender - Centre-Back,30/06/2028
6231,1.88,Brazil,,,
4530,1.86,Greece,left,Defender - Left-Back,30/06/2029
4511,1.83,Brazil,right,Defender - Centre-Back,31/12/2030
2054,1.82,Ecuador,both,Attack - Left Winger,-
219,1.85,Italy,right,Goalkeeper,-
7002,1.91,Congo,right,Attack - Centre-Forward,30/06/2027
2289,1.81,Brazil,left,Defender - Left-Back,30/11/2026
244,1.91,Italy,right,Defender - Right-Back,30/06/2027
5705,1.76,Chile,right,Midfield - Central Midfield,30/06/2027
4825,1.7,Morocco,,,
729,1.85,Portugal,right,Defender - Right-Back,30/06/2027
4514,1.72,Uruguay,,,
7332,1.88,Netherlands,right,Goalkeeper,30/06/2029
777,1.75,Italy,right,Midfield - Attacking Midfield,30/06/2027
2423,1.77,United States,,,
2876,1.77,Italy,right,Attack - Left Winger,-
778,1.8,Italy,left,Attack - Centre-Forward,30/06/2028
2657,1.78,Italy,both,Midfield - Attacking Midfield,-
2120,1.9,Italy,left,Defender - Centre-Back,30/06/2028
350,1.96,Italy,right,Goalkeeper,30/06/2030
2121,1.86,Italy,right,Midfield - Central Midfield,30/06/2027
2038,1.85,Italy,right,Attack - Centre-Forward,30/06/2027
2137,1.95,Italy,right,Attack - Centre-Forward,30/06/2028
2734,1.8,Italy,right,Midfield - Defensive Midfield,30/06/2027
4777,1.93,Scotland,,,
813,1.8,Croatia,right,Midfield - Central Midfield,-
4517,1.75,Mexico,right,Attack - Left Winger,31/12/2026
6054,1.83,Croatia,right,Midfield - Defensive Midfield,30/06/2027
2861,1.94,Croatia,right,Goalkeeper,30/06/2027
2076,1.8,Croatia,right,Midfield - Central Midfield,30/06/2026
6026,1.85,Nigeria,,,
1972,1.66,Uruguay,,,
4871,1.92,France,,,
4520,2.01,Croatia,right,Goalkeeper,-
1987,1.84,Czech Republic,left,Midfield - Left Midfield,-
2726,1.75,Italy,right,Midfield - Defensive Midfield,30/06/2026
6969,1.93,Denmark,,,
2191,1.89,Sweden,left,Midfield - Central Midfield,30/06/2029
5513,1.88,Netherlands,,,
5329,1.77,France,,,
5554,1.88,Austria,right,Defender - Centre-Back,30/06/2028
2317,1.68,Italy,left,Attack - Right Winger,-
4401,1.85,Italy,right,Defender - Centre-Back,30/06/2029
2127,1.88,Italy,right,Goalkeeper,-
2113,1.66,Paraguay,,,
1913,1.83,Brazil,left,Midfield - Central Midfield,31/12/2026
2392,1.88,Brazil,right,Midfield - Defensive Midfield,31/12/2026
2141,1.82,Italy,right,Defender - Right-Back,30/06/2028
2668,1.86,Greece,right,Defender - Centre-Back,30/06/2028
5457,1.79,Morocco,,,
4658,1.75,France,,,
2325,1.84,France,,,
6465,1.9,Algeria,,,
6162,1.92,Denmark,left,Midfield - Defensive Midfield,30/06/2027
4428,1.89,Netherlands,right,Defender - Centre-Back,30/06/2029
783,1.96,Hungary,right,Attack - Centre-Forward,-
2256,1.86,Italy,left,Goalkeeper,-
2756,1.83,Poland,right,Attack - Centre-Forward,30/06/2028
4137,1.85,Brazil,,,
2301,1.86,Portugal,left,Attack - Right Winger,30/06/2027
6580,1.84,Poland,left,Attack - Centre-Forward,30/06/2029
6245,1.86,Italy,right,Defender - Centre-Back,30/06/2029
2329,1.8,Mali,,,
6654,1.74,Italy,right,Midfield - Right Midfield,-
2779,1.73,Netherlands,,,
1915,1.8,Colombia,right,Midfield - Central Midfield,-
2263,1.74,Italy,right,Defender - Right-Back,30/06/2027
6216,1.83,Spain,,,
4388,1.75,Netherlands,,,
4422,1.87,Japan,right,Defender - Centre-Back,-
2544,1.94,England,,,
2741,1.87,Italy,left,Midfield - Central Midfield,30/06/2027
4973,1.8,United States,right,Midfield - Central Midfield,30/06/2030
2010,1.83,Hungary,right,Defender - Right-Back,30/06/2028
1981,1.83,Argentina,,,
2432,1.89,Switzerland,,,
5674,1.9,Croatia,left,Midfield - Central Midfield,30/06/2029
5856,1.85,Central African Republic,,,
1918,1.86,Indonesia,,,
7128,1.74,Germany,left,Attack - Right Winger,30/06/2029
4994,1.87,Kosovo,,,
267,1.8,Cote d'Ivoire,right,Midfield - Central Midfield,-
770,1.87,Italy,left,Defender - Left-Back,30/06/2028
2018,1.82,The Gambia,right,Attack - Centre-Forward,30/06/2027
2807,1.86,Cape Verde,,,
764,1.91,Nigeria,right,Attack - Centre-Forward,30/06/2028
824,1.8,Italy,,,
2762,1.93,Cote d'Ivoire,,,
6241,1.73,Italy,right,Midfield - Central Midfield,-
6139,1.77,Suriname,,,
5168,1.79,Greece,left,Defender - Left-Back,30/06/2027
42,1.9,Senegal,,,
6894,1.86,Spain,right,Defender - Centre-Back,30/06/2027
2205,1.75,Spain,right,Attack - Left Winger,30/06/2027
4959,1.8,Belgium,left,Defender - Left-Back,30/06/2028
5841,1.89,Serbia,,,
2328,1.87,Belgium,right,Defender - Centre-Back,-
2108,1.84,Italy,right,Attack - Centre-Forward,30/06/2026
4292,1.84,France,,,
6634,1.84,Spain,right,Attack - Left Winger,30/06/2028
2239,1.78,Ghana,right,Defender - Right-Back,-
1839,1.74,Italy,left,Attack - Right Winger,30/06/2027
819,1.92,Italy,right,Attack - Centre-Forward,30/06/2027
4357,1.82,England,,,
6462,1.98,Nigeria,,,
5788,1.86,Morocco,,,
4352,1.86,Slovenia,right,Attack - Centre-Forward,30/06/2029
2847,1.87,Italy,right,Defender - Left-Back,30/06/2029
4332,1.9,Türkiye,right,Defender - Centre-Back,30/06/2029
7016,1.82,Romania,right,Attack - Left Winger,30/06/2027
2002,1.75,Italy,right,Attack - Right Winger,30/06/2028
4734,1.85,Spain,left,Defender - Left-Back,30/06/2028
2201,1.73,Türkiye,left,Attack - Right Winger,30/06/2027
1967,1.84,Brazil,left,Midfield - Central Midfield,31/12/2030
4775,1.88,DR Congo,,,
2744,1.86,Sweden,right,Midfield - Central Midfield,30/06/2027
2293,1.77,Belgium,,,
5994,1.85,Cameroon,,,
5324,1.84,England,,,
6675,1.89,Ukraine,left,Attack - Centre-Forward,30/06/2027
2316,1.92,Italy,right,Midfield - Central Midfield,30/06/2028
2794,1.89,Serbia,right,Midfield - Attacking Midfield,31/12/2027
5475,1.8,France,,,
4728,1.77,France,,,
5722,1.79,France,,,
4701,1.81,France,left,Midfield - Central Midfield,30/06/2030
767,1.82,Slovakia,right,Attack - Centre-Forward,30/06/2028
6027,1.92,Georgia,left,Defender - Centre-Back,30/06/2029
4374,1.88,Poland,right,Defender - Right-Back,-
4335,1.82,Uruguay,,,
2765,1.88,Denmark,left,Midfield - Attacking Midfield,30/06/2029
4378,1.87,Italy,left,Defender - Centre-Back,30/06/2028
4928,1.77,Italy,right,Attack - Centre-Forward,30/06/2028
2728,1.78,Italy,left,Defender - Left-Back,30/06/2027
4526,1.76,Brazil,left,Defender - Left-Back,31/12/2029
6227,1.85,Switzerland,,,
5882,1.8,Portugal,,,
4393,1.85,Netherlands,right,Midfield - Defensive Midfield,30/06/2030
2138,1.78,Bosnia-Herzegovina,,,
2334,1.86,Algeria,,,
5273,1.75,Ecuador,,,
2048,1.81,Italy,both,Attack - Second Striker,30/06/2026
2775,1.88,Spain,left,Midfield - Central Midfield,30/06/2027
2101,1.65,El Salvador,,,
2818,1.75,Algeria,,,
5835,1.87,Italy,right,Defender - Centre-Back,30/06/2028
4988,1.84,Italy,right,Midfield - Central Midfield,30/06/2028
4521,1.84,Türkiye,,,
1845,1.8,Italy,left,Attack - Right Winger,-
2849,1.8,Moldova,,,
2207,1.79,Norway,right,Attack - Left Winger,31/12/2026
5626,1.78,France,right,Defender - Right-Back,30/06/2028
2166,1.87,Uruguay,right,Midfield - Defensive Midfield,30/06/2029
5336,1.85,Angola,,,
5447,1.9,Italy,right,Defender - Centre-Back,-
666,1.84,Equatorial Guinea,,,
58,1.83,Guinea,right,Midfield - Defensive Midfield,30/06/2027
4307,1.85,Argentina,right,Defender - Centre-Back,30/06/2029
2731,1.8,Italy,left,Defender - Centre-Back,30/06/2028
5948,1.8,Japan,right,Midfield - Attacking Midfield,30/06/2027
4982,1.92,Croatia,right,Defender - Centre-Back,30/06/2030
2387,1.96,Cote d'Ivoire,,,
4242,1.84,Portugal,right,Defender - Right-Back,30/06/2028
4802,1.74,Portugal,left,Midfield - Left Midfield,30/06/2028
4510,1.88,Portugal,,,
4406,1.82,Italy,left,Defender - Left-Back,30/06/2027
2841,1.9,Serbia,left,Attack - Centre-Forward,-
5532,1.78,Croatia,left,Defender - Left-Back,30/06/2028
4887,1.88,Italy,right,Midfield - Right Midfield,30/06/2029
2737,1.85,Italy,right,Defender - Centre-Back,30/06/2028
7139,1.92,Italy,right,Defender - Centre-Back,30/06/2028
4364,1.83,Italy,right,Midfield - Defensive Midfield,30/06/2031
6145,1.8,Belgium,,,
5327,1.89,Venezuela,right,Defender - Centre-Back,-
5311,1.9,Uzbekistan,right,Attack - Centre-Forward,30/06/2028
5685,1.85,Netherlands,left,Midfield - Defensive Midfield,30/06/2029
5067,1.89,Netherlands,left,Midfield - Left Midfield,30/06/2027
6684,1.88,Netherlands,right,Midfield - Central Midfield,30/06/2029
5313,1.73,United States,,,
2797,1.78,Brazil,left,Defender - Left-Back,-
4285,1.72,Brazil,right,Midfield - Central Midfield,30/06/2027
4948,1.88,Albania,,,
6064,1.92,Scotland,right,Defender - Centre-Back,30/06/2028
4868,1.86,Estonia,left,Midfield - Central Midfield,-
5523,1.78,Italy,right,Attack - Centre-Forward,30/06/2027
2103,1.89,Italy,right,Attack - Centre-Forward,30/06/2027
2097,1.83,Italy,,,
4387,1.84,Italy,right,Attack - Centre-Forward,30/06/2028
5564,1.84,Switzerland,,,
2785,1.85,Belgium,,,
2143,1.9,Italy,right,Defender - Centre-Back,30/06/2028
5832,1.9,Portugal,both,Goalkeeper,30/06/2029
6459,1.79,Sweden,right,Attack - Left Winger,30/06/2028
2167,1.86,Italy,left,Attack - Right Winger,30/06/2027
6314,1.77,Belgium,,,
5675,1.85,Belgium,left,Defender - Centre-Back,30/06/2029
5375,1.85,Denmark,right,Defender - Left-Back,30/06/2027
2294,1.88,Italy,right,Goalkeeper,30/06/2028
4996,1.87,Croatia,right,Goalkeeper,31/05/2030
4495,1.91,Albania,,,
4302,1.92,Chile,,,
5847,1.9,Slovenia,right,Defender - Centre-Back,30/06/2030
6562,1.8,Portugal,right,Midfield - Central Midfield,30/06/2029
1842,1.76,Italy,right,Attack - Right Winger,30/06/2027
2312,1.91,Bulgaria,right,Defender - Centre-Back,30/06/2028
5323,1.83,Argentina,,,
2159,1.68,Italy,left,Attack - Right Winger,30/06/2027
4995,1.85,Italy,right,Midfield - Central Midfield,30/06/2027
5789,1.84,Poland,right,Midfield - Attacking Midfield,30/06/2028
5512,1.92,Italy,both,Attack - Centre-Forward,30/06/2028
5886,1.83,Croatia,right,Midfield - Central Midfield,30/06/2028
5840,1.85,Uruguay,,,
6252,1.9,Italy,,,
7198,1.88,Poland,right,Midfield - Central Midfield,30/06/2029
7010,1.89,Libya,,,
5483,1.85,Austria,left,Defender - Left-Back,31/12/2026
7149,1.8,Romania,right,Midfield - Defensive Midfield,30/06/2028
2171,1.87,Brazil,,,
4407,1.88,Brazil,left,Defender - Centre-Back,30/06/2027
6993,1.93,Sweden,right,Defender - Centre-Back,30/06/2027
4892,1.8,Belgium,right,Midfield - Right Midfield,30/06/2031
2132,1.89,Slovenia,right,Midfield - Attacking Midfield,30/06/2027
4362,1.84,Switzerland,,,
6576,1.82,France,right,Defender - Right-Back,30/06/2027
6230,1.95,Italy,right,Defender - Centre-Back,30/06/2028
2724,1.9,Italy,left,Defender - Centre-Back,30/06/2029
2839,1.8,Italy,right,Attack - Left Winger,30/06/2027
5504,1.83,Mali,right,Midfield - Central Midfield,30/06/2027
2725,1.8,Italy,left,Midfield - Central Midfield,30/06/2027
4946,1.87,Italy,left,Defender - Left-Back,30/06/2029
5292,1.91,Netherlands,both,Attack - Centre-Forward,30/06/2027
6153,1.95,Poland,right,Defender - Centre-Back,31/12/2030
2723,1.75,Italy,right,Midfield - Central Midfield,-
4376,1.85,Poland,right,Midfield - Central Midfield,-
2670,1.78,Jamaica,left,Attack - Right Winger,30/06/2027
5836,1.88,The Gambia,left,Attack - Centre-Forward,-
5116,1.91,Spain,right,Goalkeeper,30/06/2029
5498,1.91,Italy,right,Defender - Centre-Back,30/06/2028
4346,1.74,Italy,right,Attack - Left Winger,30/06/2028
5451,1.79,Albania,,,
2722,1.96,Italy,right,Goalkeeper,30/06/2032
5786,1.86,Brazil,right,Attack - Centre-Forward,31/12/2028
2644,1.92,Cameroon,,,
4519,1.89,Türkiye,right,Defender - Centre-Back,-
4787,1.73,Portugal,,,
2158,,,,,
2766,1.9,Italy,left,Attack - Second Striker,30/06/2029
2153,1.79,Italy,right,Midfield - Central Midfield,30/06/2027
4502,1.83,Italy,left,Defender - Left-Back,30/06/2027
5298,1.88,Italy,left,Midfield - Central Midfield,30/06/2028
4461,1.87,Italy,right,Defender - Right-Back,30/06/2030
4386,1.82,Italy,left,Defender - Left-Back,30/06/2028
4719,1.82,Wales,,,
4458,1.85,Italy,right,Defender - Right-Back,30/06/2027
6664,1.83,Italy,right,Defender - Right-Back,30/06/2027
5878,1.84,Italy,left,Midfield - Attacking Midfield,30/06/2028
4433,1.87,Italy,right,Defender - Right-Back,30/06/2029
7183,1.79,Morocco,,,
2107,1.82,Morocco,,,
2115,1.89,Italy,left,Defender - Centre-Back,30/06/2028
6002,1.85,Austria,,,
2848,1.78,Italy,right,Midfield - Central Midfield,30/06/2028
4370,1.83,Italy,right,Midfield - Attacking Midfield,30/06/2027
2154,1.75,Italy,,,
2184,1.89,Guadeloupe,,,
5875,1.86,Algeria,,,
5036,1.74,France,right,Midfield - Central Midfield,30/06/2029
7028,1.78,France,,,
2665,1.7,France,,,
4348,1.88,Italy,right,Attack - Centre-Forward,30/06/2027
2793,1.9,Ghana,right,Defender - Centre-Back,30/06/2028
6380,1.7,Israel,,,
2157,1.75,Italy,right,Midfield - Central Midfield,30/06/2026
4940,1.82,Italy,left,Attack - Centre-Forward,30/06/2027
4449,1.81,Italy,right,Midfield - Defensive Midfield,30/06/2032
5527,1.88,Italy,right,Defender - Right-Back,30/06/2029
5393,1.83,Romania,left,Attack - Right Winger,30/06/2029
4989,1.74,Italy,left,Midfield - Central Midfield,30/06/2027
5364,1.72,Italy,right,Midfield - Attacking Midfield,30/06/2029
4160,1.8,Morocco,,,
4885,1.81,Spain,right,Midfield - Central Midfield,30/06/2029
5499,1.82,Cameroon,right,Midfield - Defensive Midfield,30/06/2029
6061,1.86,France,left,Midfield - Attacking Midfield,31/05/2028
2856,1.78,Argentina,,,
2732,1.85,Montenegro,left,Attack - Second Striker,-
2663,1.85,Serbia,right,Defender - Centre-Back,-
2195,1.72,Algeria,,,
4479,1.84,North Macedonia,right,Midfield - Attacking Midfield,30/06/2028
2318,1.78,Brazil,,,
5885,1.66,Brazil,right,Defender - Right-Back,30/06/2027
2835,1.76,Nigeria,right,Midfield - Central Midfield,-
4661,1.86,Nigeria,right,Attack - Centre-Forward,30/06/2029
2146,1.78,"Korea, North",,Attack - Centre-Forward,-
4375,1.84,Serbia,left,Defender - Left-Back,30/06/2028
2754,1.88,Slovakia,left,Defender - Centre-Back,30/06/2030
5011,1.85,Romania,right,Attack - Centre-Forward,30/06/2028
4371,1.72,Italy,right,Attack - Second Striker,30/06/2030
4730,1.74,Nigeria,,,
5496,1.85,Norway,right,Attack - Left Winger,30/06/2029
7274,1.87,Portugal,right,Defender - Centre-Back,30/06/2028
2764,1.74,Argentina,right,Attack - Centre-Forward,30/06/2029
5798,1.89,Norway,left,Midfield - Defensive Midfield,30/06/2028
2842,1.78,Italy,right,Attack - Right Winger,30/06/2029
5503,1.77,Tunisia,,,
5561,1.87,Netherlands,,,
4412,1.91,Brazil,right,Defender - Centre-Back,30/06/2028
6213,1.75,Brazil,right,Attack - Centre-Forward,31/12/2029
5529,1.91,France,right,Attack - Centre-Forward,30/06/2027
4438,1.86,Italy,right,Defender - Centre-Back,30/06/2030
6204,1.88,Georgia,right,Attack - Left Winger,30/06/2028
2164,1.95,Serbia,right,Defender - Centre-Back,30/06/2029
6042,1.87,Colombia,left,Defender - Centre-Back,30/06/2027
5515,1.81,Nigeria,right,Attack - Centre-Forward,-
2872,1.86,Uruguay,left,Attack - Centre-Forward,31/12/2027
2332,1.8,Portugal,right,Midfield - Defensive Midfield,30/06/2028
5688,1.82,Morocco,,,
5651,1.75,England,left,Attack - Left Winger,30/06/2030
5518,1.82,Italy,right,Goalkeeper,30/06/2027
5267,1.93,Serbia,both,Midfield - Defensive Midfield,30/06/2029
6041,1.91,Netherlands,right,Defender - Centre-Back,30/06/2029
5842,1.87,Norway,right,Attack - Centre-Forward,31/12/2027
6222,1.81,Tunisia,,,
4347,1.78,Italy,right,Midfield - Attacking Midfield,-
5796,1.85,Ukraine,right,Attack - Centre-Forward,30/06/2027
5533,1.9,Portugal,,,
5444,1.8,Italy,right,Midfield - Attacking Midfield,30/06/2028
5408,1.77,Italy,right,Midfield - Right Midfield,30/06/2028
4366,1.85,Italy,right,Defender - Centre-Back,30/06/2027
5360,1.86,Italy,right,Attack - Centre-Forward,-
4360,1.91,Italy,right,Goalkeeper,30/06/2029
5310,1.84,Norway,right,Attack - Left Winger,31/12/2028
7018,1.85,Denmark,right,Defender - Centre-Back,30/06/2027
4178,1.69,Argentina,,,
4365,1.86,Italy,right,Defender - Centre-Back,-
5131,1.7,Scotland,right,Midfield - Defensive Midfield,30/06/2029
4998,1.79,Argentina,right,Defender - Right-Back,30/06/2027
2791,1.84,Brazil,left,Attack - Centre-Forward,-
5693,1.89,Poland,left,Defender - Centre-Back,30/06/2030
5858,1.81,Scotland,right,Midfield - Central Midfield,30/06/2028
4358,1.93,Montenegro,,,
4349,1.84,Italy,right,Midfield - Defensive Midfield,30/06/2030
4949,1.87,Italy,both,Midfield - Central Midfield,30/06/2027
4888,1.88,Croatia,right,Defender - Centre-Back,30/06/2029
2833,1.86,Sweden,,,
6119,1.89,Norway,left,Attack - Right Winger,30/06/2029
5363,1.75,Italy,,,
4465,1.78,Italy,right,Midfield - Central Midfield,30/06/2028
4359,1.9,Italy,right,Attack - Centre-Forward,30/06/2030
6641,1.9,Japan,,,
4415,1.87,Denmark,left,Attack - Right Winger,30/06/2027
7182,1.88,Ireland,,,
5998,1.82,Italy,right,Midfield - Right Midfield,30/06/2029
6202,1.88,Netherlands,right,Defender - Centre-Back,30/06/2030
6435,1.85,Montenegro,,,
7132,1.88,Italy,right,Midfield - Central Midfield,30/06/2029
2855,1.78,Guinea-Bissau,,,
5312,1.75,Brazil,right,Midfield - Defensive Midfield,-
5010,1.87,Albania,,,
4485,2.02,Senegal,,,
5086,1.93,Netherlands,,,
5995,1.92,Belgium,left,Midfield - Attacking Midfield,30/06/2028
2781,1.9,Brazil,,,
5484,1.95,Austria,right,Defender - Centre-Back,30/06/2030
5509,1.8,Uruguay,,,
5446,1.9,Netherlands,right,Attack - Centre-Forward,30/06/2028
6904,1.7,Ecuador,,,
4405,1.7,Argentina,,,
6219,1.85,Italy,,,
6217,1.96,Germany,,,
6394,1.85,Albania,,,
4322,1.83,Brazil,,,
5862,1.8,Italy,left,Defender - Left-Back,30/06/2028
5487,1.91,Belgium,right,Midfield - Attacking Midfield,30/06/2029
5807,1.74,Cape Verde,,,
4970,1.74,Brazil,,,
6028,1.86,Tunisia,,,
4143,1.81,France,,,
4351,1.92,Italy,right,Goalkeeper,30/06/2027
6214,1.88,Albania,,,
4866,1.88,Lithuania,right,Defender - Centre-Back,-
6048,1.86,Germany,,,
4937,1.84,Italy,left,Midfield - Left Midfield,30/06/2027
6205,1.83,Italy,right,Attack - Centre-Forward,30/06/2027
4486,1.68,Brazil,,,
5406,1.82,Italy,right,Defender - Right-Back,30/06/2029
6556,1.78,Netherlands,,,
2335,1.87,Italy,,,
5891,1.8,Italy,left,Defender - Left-Back,30/06/2028
4436,1.76,Italy,right,Attack - Left Winger,30/06/2029
4935,1.82,Italy,right,Midfield - Defensive Midfield,30/06/2027
4941,1.76,Italy,right,Midfield - Attacking Midfield,30/06/2027
4934,1.88,Italy,right,Defender - Centre-Back,30/06/2029
5520,1.82,Italy,both,Defender - Left-Back,30/06/2029
2304,1.84,Italy,,,
6917,1.82,Italy,right,Midfield - Central Midfield,30/06/2028
4431,1.91,Italy,right,Goalkeeper,30/06/2028
6233,1.86,Italy,right,Midfield - Central Midfield,30/06/2028
4936,1.78,Italy,left,Midfield - Attacking Midfield,30/06/2027
6243,1.94,Italy,right,Attack - Centre-Forward,30/06/2029
6232,1.87,Congo,,,
2654,1.87,Colombia,right,Attack - Centre-Forward,30/06/2027
6224,1.78,Netherlands,right,Midfield - Central Midfield,30/06/2030
5838,1.75,Italy,right,Defender - Right-Back,30/06/2028
5870,1.85,Denmark,right,Midfield - Defensive Midfield,30/06/2031
4432,1.91,Italy,,,
6118,1.83,Portugal,left,Defender - Left-Back,30/06/2027
6558,1.83,Türkiye,,,
4811,1.79,Portugal,right,Attack - Second Striker,30/06/2027
2735,1.87,Spain,,,
6398,1.81,Denmark,left,Attack - Right Winger,30/06/2028
5562,1.92,France,,,
6956,1.92,France,,,
4525,1.9,Italy,right,Goalkeeper,30/06/2028
7344,1.86,Switzerland,,,
4919,1.87,Iceland,right,Midfield - Defensive Midfield,30/06/2028
7212,1.92,Norway,left,Defender - Centre-Back,30/06/2029
6801,1.84,Denmark,right,Attack - Centre-Forward,30/06/2029
4932,1.86,Italy,right,Midfield - Central Midfield,-
5461,1.89,Serbia,left,Defender - Left-Back,30/06/2028
4186,1.85,France,,,
5317,1.78,Argentina,,,
6666,1.74,Spain,left,Midfield - Central Midfield,30/06/2027
4939,1.8,Bolivia,,,
7253,1.9,Germany,,,
4339,1.88,England,,,
5453,1.81,Italy,right,Midfield - Defensive Midfield,30/06/2029
5834,1.66,Brazil,right,Midfield - Central Midfield,31/12/2030
5804,1.82,New Zealand,,,
6479,1.86,Türkiye,,,
6831,1.76,Brazil,left,Attack - Right Winger,30/06/2028
5395,1.81,Netherlands,,,
7314,1.82,Netherlands,left,Midfield - Central Midfield,30/06/2030
6574,1.85,Greece,right,Defender - Centre-Back,30/06/2027
5007,1.86,Serbia,left,Midfield - Central Midfield,30/06/2027
5445,1.9,England,,,
6403,1.9,Denmark,right,Goalkeeper,30/06/2028
2144,1.87,Senegal,right,Midfield - Central Midfield,30/06/2028
5398,1.89,United States,right,Defender - Right-Back,30/06/2030
5318,1.75,France,,,
4816,1.83,Brazil,right,Defender - Right-Back,31/12/2028
5376,1.85,Italy,left,Defender - Centre-Back,30/06/2028
5419,1.78,Portugal,,,
6766,1.89,England,,,
6058,1.82,Guinea,right,Midfield - Central Midfield,30/06/2027
4925,1.87,Italy,left,Defender - Centre-Back,30/06/2029
5477,1.88,Denmark,right,Attack - Right Winger,30/06/2027
5361,1.78,Italy,right,Attack - Centre-Forward,-
5690,1.85,Slovakia,left,Attack - Centre-Forward,30/06/2030
5982,1.84,England,,,
4179,1.8,Argentina,,,
2719,1.84,The Gambia,right,Attack - Left Winger,30/06/2027
4355,1.84,Italy,,,
2333,1.74,Portugal,left,Attack - Right Winger,30/06/2031
6884,1.66,Portugal,left,Attack - Right Winger,30/06/2030
5333,1.86,Italy,right,Goalkeeper,-
4950,1.88,Italy,left,Defender - Centre-Back,30/06/2029
4897,1.88,Italy,left,Defender - Centre-Back,30/06/2028
5810,1.76,Italy,right,Midfield - Central Midfield,30/06/2027
4923,1.83,Italy,left,Attack - Centre-Forward,30/06/2029
6639,1.79,Denmark,left,Defender - Left-Back,30/06/2027
5872,1.87,Iceland,right,Midfield - Central Midfield,30/06/2029
5884,1.86,Italy,both,Midfield - Central Midfield,30/06/2028
5739,1.91,Belgium,,,
6896,1.87,Belgium,right,Defender - Right-Back,30/06/2028
5677,1.86,Argentina,right,Defender - Centre-Back,30/06/2029
7179,1.9,Uruguay,,,
5718,1.9,Italy,left,Defender - Centre-Back,30/06/2030
6806,1.83,Madagascar,,,
6125,1.95,Colombia,right,Goalkeeper,30/06/2027
7352,1.96,Faroe Islands,left,Defender - Centre-Back,30/06/2029
4483,1.76,Italy,right,Attack - Left Winger,30/06/2027
5678,1.91,Sweden,right,Defender - Right-Back,30/06/2028
5761,1.8,Kosovo,,,
4869,1.79,Argentina,,,
4942,1.83,Poland,right,Defender - Right-Back,-
5524,1.93,Italy,,,
5839,1.83,Georgia,both,Attack - Left Winger,30/06/2029
4945,1.88,Italy,left,Defender - Left-Back,30/06/2029
6046,1.91,Sweden,,,
5892,1.9,"Korea, South",right,Defender - Centre-Back,30/06/2028
5791,1.78,Denmark,right,Midfield - Defensive Midfield,30/06/2028
5610,1.83,Belgium,,,
5295,1.78,United States,,,
6351,1.63,Ghana,,,
5507,1.72,United States,,,
5289,1.89,Italy,right,Goalkeeper,30/06/2027
5319,1.88,Switzerland,,,
5776,1.85,Norway,,,
5831,1.9,Italy,right,Defender - Centre-Back,30/06/2030
4325,1.86,Brazil,,,
2788,1.88,Brazil,right,Defender - Centre-Back,30/06/2029
6985,1.84,Guinea-Bissau,,,
6439,1.87,Morocco,,,
6055,1.94,Germany,,,
5725,1.72,Cote d'Ivoire,left,Midfield - Central Midfield,30/06/2029
6226,1.78,Argentina,right,Attack - Centre-Forward,30/06/2030
7017,1.86,Greece,right,Attack - Centre-Forward,30/06/2029
6212,1.75,Spain,right,Midfield - Central Midfield,30/06/2027
5525,1.82,Italy,left,Midfield - Attacking Midfield,30/06/2028
4331,1.86,Brazil,,,
5427,1.8,Spain,left,Defender - Left-Back,30/06/2031
4459,1.79,Italy,right,Midfield - Defensive Midfield,30/06/2028
6994,1.84,Spain,left,Midfield - Central Midfield,30/06/2027
6662,1.87,Italy,right,Goalkeeper,30/06/2029
5119,1.84,Serbia,,,
4944,1.88,Italy,left,Defender - Centre-Back,30/06/2031
6629,1.86,Nigeria,,,
5352,1.88,Italy,right,Attack - Centre-Forward,30/06/2027
5514,1.82,Mexico,left,Defender - Centre-Back,30/06/2028
5544,1.78,Canada,,,
6432,1.84,Italy,right,Defender - Right-Back,30/06/2028
5322,1.8,Romania,right,Attack - Left Winger,30/06/2029
4929,1.93,Italy,right,Goalkeeper,30/06/2027
5620,1.83,Portugal,,,
4862,1.73,Cote d'Ivoire,,,
6682,1.88,Italy,right,Goalkeeper,30/06/2027
4933,1.79,Italy,right,Midfield - Central Midfield,-
7175,1.78,Portugal,right,Defender - Right-Back,30/06/2027
5874,1.78,Spain,right,Midfield - Attacking Midfield,30/06/2029
4499,1.78,Brazil,,,
4361,1.9,France,,,
6417,1.91,Italy,right,Goalkeeper,30/06/2028
5829,1.73,Italy,right,Midfield - Central Midfield,30/06/2029
6643,1.9,Netherlands,right,Attack - Centre-Forward,30/06/2028
5673,1.83,Martinique,,,
4896,1.88,Italy,,,
6063,1.84,Guinea-Bissau,,,
4363,1.72,Albania,,,
2733,1.78,Cote d'Ivoire,left,Midfield - Central Midfield,-
6486,1.74,Slovakia,left,Midfield - Attacking Midfield,30/06/2028
5716,1.93,Israel,,,
4978,1.8,Denmark,right,Midfield - Attacking Midfield,30/06/2030
6600,1.85,Italy,,,
4867,1.88,Italy,right,Goalkeeper,30/06/2028
5438,1.79,Hungary,right,Midfield - Central Midfield,30/06/2028
4943,1.83,Hungary,right,Midfield - Attacking Midfield,30/06/2026
5719,1.79,Albania,,,
5691,1.9,Czech Republic,right,Defender - Centre-Back,30/06/2030
6001,1.69,Zambia,right,Attack - Left Winger,30/06/2027
5378,1.75,Ghana,left,Attack - Right Winger,30/06/2027
5368,1.84,Ghana,,,
5686,1.8,France,right,Defender - Right-Back,30/06/2028
6672,1.9,Indonesia,,,
5449,1.78,Italy,left,Defender - Left-Back,30/06/2029
5003,1.72,Sierra Leone,right,Attack - Second Striker,30/06/2027
5500,1.85,Italy,left,Attack - Right Winger,30/06/2027
5422,1.75,Poland,,,
4952,1.9,Italy,right,Defender - Centre-Back,30/06/2027
5806,1.9,Senegal,left,Attack - Right Winger,30/06/2029
6172,1.86,Czech Republic,right,Attack - Left Winger,30/06/2029
6248,1.87,Serbia,,,
5290,1.81,Argentina,,,
5511,1.75,Brazil,right,Midfield - Central Midfield,30/06/2029
7008,1.8,Mexico,,,
5459,1.89,Poland,left,Attack - Centre-Forward,30/06/2028
6228,1.86,Italy,,,
6645,1.87,Poland,both,Midfield - Attacking Midfield,30/06/2027
6481,1.82,Argentina,,,
5359,1.92,Morocco,,,
5355,1.88,Italy,,,
6986,1.81,Netherlands,,,
4368,1.7,The Gambia,left,Attack - Right Winger,30/06/2028
5423,1.81,Italy,right,Midfield - Central Midfield,30/06/2031
4954,1.83,Italy,left,Defender - Centre-Back,30/06/2027
4327,1.78,Uruguay,right,Midfield - Defensive Midfield,31/12/2028
4870,1.87,France,,,
6148,1.81,Denmark,left,Defender - Left-Back,30/06/2027
5844,1.89,Norway,left,Midfield - Central Midfield,30/06/2027
5485,1.8,Iceland,right,Midfield - Left Midfield,30/06/2029
6020,1.82,Iceland,left,Midfield - Central Midfield,30/06/2029
5817,1.73,Luxembourg,,,
5851,1.89,Scotland,left,Defender - Left-Back,30/06/2028
4435,1.8,The Gambia,right,Attack - Left Winger,30/06/2027
5701,1.88,Slovakia,left,Defender - Left-Back,30/06/2030
5365,1.92,Romania,right,Defender - Centre-Back,30/06/2027
6842,1.97,Romania,right,Goalkeeper,30/06/2030
4411,1.85,France,,,
5867,1.79,France,,,
4686,1.85,France,,,
6013,1.81,Italy,right,Defender - Right-Back,30/06/2028
5326,1.82,Belgium,right,Defender - Right-Back,30/06/2029
7014,1.81,Croatia,right,Defender - Right-Back,30/06/2031
5526,1.94,Italy,right,Defender - Centre-Back,30/06/2028
5813,1.8,Italy,right,Midfield - Central Midfield,30/06/2028
6215,2.01,Italy,right,Attack - Centre-Forward,30/06/2030
4353,1.78,Spain,left,Midfield - Attacking Midfield,31/12/2026
4921,1.9,Norway,right,Midfield - Central Midfield,31/12/2028
5022,1.94,Serbia,left,Defender - Centre-Back,30/06/2028
5793,1.83,Netherlands,right,Defender - Right-Back,30/06/2029
5519,1.8,Iraq,,,
6060,1.77,France,,,
7126,1.78,Croatia,right,Midfield - Attacking Midfield,30/06/2030
6112,1.82,England,,,
4865,1.79,Netherlands,,,
5740,1.73,Italy,right,Defender - Right-Back,30/06/2028
7246,1.85,Spain,right,Midfield - Central Midfield,30/06/2027
6015,1.86,Albania,,,
6426,1.84,Norway,right,Defender - Right-Back,30/06/2027
4976,1.82,France,,,
5877,1.84,Brazil,,,
5848,1.8,Ireland,,,
6992,1.88,England,,,
4515,1.78,Colombia,,,
6642,1.87,Equatorial Guinea,,,
5755,1.85,Italy,,,
5156,1.8,France,,,
5300,1.85,Scotland,both,Defender - Right-Back,30/06/2028
6665,1.82,Mali,,,
6143,1.86,Latvia,left,Attack - Centre-Forward,30/06/2028
7252,1.88,Serbia,,,
5694,1.94,Guinea-Bissau,,,
6555,1.85,Cameroon,left,Attack - Centre-Forward,30/06/2028
6640,1.82,Italy,right,Attack - Left Winger,30/06/2027
4389,1.8,Italy,,,
4369,1.9,Brazil,,,
5516,1.73,Italy,right,Midfield - Central Midfield,30/06/2029
5528,1.92,Bosnia-Herzegovina,left,Goalkeeper,30/06/2027
4951,1.86,Italy,right,Defender - Centre-Back,30/06/2028
7130,1.92,Italy,right,Defender - Centre-Back,30/06/2028
6011,1.81,Sweden,,,
7240,1.93,Germany,right,Defender - Centre-Back,30/06/2028
5338,1.88,Italy,right,Goalkeeper,30/06/2027
6647,1.74,Sweden,left,Defender - Left-Back,30/06/2029
2877,1.81,Argentina,,,
5919,1.8,France,,,
7203,1.81,Switzerland,,,
5394,1.9,Argentina,,,
6012,,Italy,right,Midfield - Defensive Midfield,30/06/2026
6178,1.84,Algeria,,,
6218,1.74,Italy,left,Midfield - Attacking Midfield,30/06/2027
5442,1.85,Italy,right,Midfield - Defensive Midfield,30/06/2028
5385,1.78,Greece,left,Defender - Left-Back,30/06/2028
5421,1.79,Cote d'Ivoire,,,
6009,1.8,Italy,right,Midfield - Defensive Midfield,30/06/2028
5757,1.93,Italy,right,Defender - Centre-Back,30/06/2027
5354,1.87,Italy,left,Defender - Left-Back,30/06/2030
5781,1.8,Cote d'Ivoire,right,Midfield - Attacking Midfield,30/06/2027
5362,1.83,Italy,right,Attack - Centre-Forward,30/06/2027
4953,1.83,Norway,,,
5833,1.85,Spain,right,Defender - Centre-Back,30/06/2031
7019,1.85,France,,,
5505,1.82,Brazil,right,Attack - Centre-Forward,31/12/2030
5756,1.83,Italy,right,Defender - Centre-Back,30/06/2026
5381,1.92,Belgium,right,Defender - Centre-Back,30/06/2028
5780,1.8,Italy,left,Attack - Second Striker,30/06/2027
5888,1.92,Italy,right,Midfield - Central Midfield,30/06/2029
6131,1.82,Italy,right,Midfield - Central Midfield,30/06/2028
5439,1.75,Sierra Leone,,,
5826,1.83,United States,,,
5517,1.7,Spain,right,Midfield - Defensive Midfield,30/06/2027
4983,1.84,Spain,right,Defender - Right-Back,-
5589,1.85,France,,,
4938,1.69,Spain,right,Attack - Left Winger,30/06/2031
5307,1.88,Argentina,,,
5093,1.85,Brazil,right,Midfield - Attacking Midfield,31/12/2029
6409,1.76,Argentina,,,
5462,1.9,Italy,right,Attack - Left Winger,30/06/2028
5812,1.86,Italy,right,Defender - Centre-Back,30/06/2028
5820,1.92,Italy,right,Defender - Centre-Back,30/06/2030
6211,1.73,Zimbabwe,,,
6532,1.83,Canada,,,
5460,1.87,Uruguay,,,
6196,1.88,DR Congo,,,
5823,1.7,Italy,left,Midfield - Attacking Midfield,30/06/2027
6633,1.86,France,left,Midfield - Defensive Midfield,-
5802,1.84,Brazil,left,Attack - Centre-Forward,30/11/2027
4399,1.8,Colombia,left,Defender - Centre-Back,30/06/2028
5540,1.88,Senegal,,,
7012,1.94,Denmark,left,Defender - Centre-Back,30/06/2029
7319,1.92,Togo,,,
5316,1.87,Argentina,,,
5578,1.91,Cote d'Ivoire,right,Defender - Centre-Back,30/06/2029
7329,1.81,Spain,left,Defender - Left-Back,30/06/2030
7347,1.9,Scotland,left,Attack - Centre-Forward,30/06/2027
5420,1.79,The Gambia,right,Midfield - Defensive Midfield,30/06/2028
5837,1.94,Sweden,right,Attack - Centre-Forward,31/12/2028
4899,1.82,Cote d'Ivoire,right,Defender - Right-Back,30/06/2030
6229,1.85,Mali,,,
5782,1.78,Greece,right,Midfield - Central Midfield,30/06/2027
5879,1.72,Italy,,,
6189,1.82,Italy,right,Defender - Right-Back,30/06/2028
6911,,Italy,right,Attack - Left Winger,30/06/2027
6294,1.9,Italy,,,
6630,1.8,Colombia,right,Attack - Centre-Forward,30/06/2028
7068,1.93,Czech Republic,right,Defender - Centre-Back,30/06/2029
6833,1.79,Belgium,,,
6681,1.82,Belgium,right,Defender - Right-Back,30/06/2028
6474,1.94,Georgia,,,
6538,1.89,Cameroon,right,Midfield - Defensive Midfield,30/06/2027
6043,1.89,Uruguay,,,
5753,1.86,Italy,right,Attack - Centre-Forward,30/06/2027
5992,1.77,France,,,
6018,1.85,Italy,right,Goalkeeper,30/06/2027
6670,1.88,Congo,,,
5764,1.93,Italy,,,
5346,1.81,Chile,right,Midfield - Attacking Midfield,31/12/2026
6984,1.79,Sweden,right,Attack - Left Winger,30/06/2029
6444,1.87,Italy,left,Defender - Centre-Back,30/06/2028
7022,1.9,Czech Republic,left,Attack - Centre-Forward,30/06/2027
5297,1.71,Angola,left,Attack - Right Winger,30/06/2027
6870,1.83,Senegal,left,Defender - Centre-Back,30/06/2027
6151,1.77,Argentina,,,
5734,1.82,Argentina,,,
5492,1.88,United States,right,Midfield - Defensive Midfield,30/06/2029
6175,1.86,Argentina,right,Midfield - Defensive Midfield,30/06/2030
6844,1.73,England,,,
6589,1.98,Italy,both,Attack - Centre-Forward,30/06/2029
7202,1.95,Senegal,left,Defender - Centre-Back,30/06/2029
6549,1.89,Argentina,,,
6113,1.84,Italy,right,Attack - Centre-Forward,30/06/2029
7155,1.92,Bosnia-Herzegovina,,,
5772,1.88,Finland,left,Midfield - Central Midfield,30/06/2027
5060,1.78,France,,,
6039,1.86,Colombia,left,Defender - Left-Back,30/06/2029
5301,1.81,Brazil,right,Midfield - Right Midfield,30/06/2030
6010,1.78,Italy,right,Midfield - Central Midfield,30/06/2027
5999,1.9,Spain,right,Midfield - Central Midfield,-
6582,1.82,France,,,
6157,1.74,Italy,right,Midfield - Left Midfield,30/06/2027
6485,1.98,Denmark,right,Defender - Centre-Back,30/06/2028
5785,1.92,Serbia,right,Attack - Centre-Forward,-
5425,1.83,Poland,right,Midfield - Attacking Midfield,30/06/2028
7157,1.85,Italy,right,Midfield - Central Midfield,30/06/2028
6135,1.9,Slovenia,left,Goalkeeper,30/06/2028
5415,1.75,Cote d'Ivoire,right,Attack - Left Winger,30/06/2028
5341,1.8,France,,,
7223,1.82,Italy,left,Midfield - Attacking Midfield,30/06/2031
6197,1.84,Italy,right,Defender - Centre-Back,30/06/2031
5828,1.75,Italy,right,Midfield - Central Midfield,30/06/2026
6612,1.89,Italy,right,Defender - Centre-Back,30/06/2027
7143,1.86,Italy,left,Midfield - Left Midfield,30/06/2027
7264,1.87,Italy,right,Attack - Centre-Forward,30/06/2027
6892,1.88,Belgium,,,
6898,1.8,Belgium,,,
6802,1.92,Italy,right,Defender - Right-Back,30/06/2030
6617,1.73,Italy,right,Attack - Left Winger,30/06/2027
5783,1.76,Italy,right,Midfield - Central Midfield,-
7131,1.88,Italy,right,Defender - Right-Back,30/06/2028
7219,1.9,Italy,left,Midfield - Left Midfield,30/06/2028
5443,1.86,Senegal,,,
5763,,Italy,left,Defender - Centre-Back,-
6867,1.78,Spain,left,Defender - Left-Back,30/06/2029
6419,1.79,Denmark,left,Attack - Right Winger,-
6274,1.87,France,,,
6575,1.64,Spain,right,Attack - Left Winger,30/06/2029
5846,1.81,DR Congo,,,
5414,1.78,France,,,
6246,1.85,Italy,right,Midfield - Defensive Midfield,30/06/2028
6187,,Italy,,Attack - Centre-Forward,30/06/2027
6990,1.83,Portugal,,,
6814,1.81,England,,,
6149,1.9,Argentina,,,
6418,1.85,Romania,right,Attack - Centre-Forward,30/06/2027
6448,1.82,Argentina,,,
6396,1.88,Brazil,left,Defender - Centre-Back,30/06/2030
6803,1.83,Sweden,,,
6005,1.75,Türkiye,right,Midfield - Central Midfield,30/06/2027
6492,1.78,Germany,,,
6284,1.91,France,,,
6495,1.88,Italy,right,Defender - Centre-Back,30/06/2027
5735,1.87,Australia,,,
7127,1.77,Netherlands,,,
6573,1.76,Argentina,right,Midfield - Central Midfield,30/06/2027
6159,1.88,Sweden,,,
6507,1.84,Belgium,,,
6815,1.82,The Gambia,right,Attack - Left Winger,30/06/2028
5510,1.69,Argentina,,,
6460,1.84,Argentina,,,
7318,1.88,Israel,,,
6106,1.85,Argentina,,,
6117,1.91,Bosnia-Herzegovina,,,
6142,1.84,Slovenia,right,Attack - Left Winger,30/06/2029
6978,1.92,Serbia,right,Defender - Centre-Back,30/06/2029
6504,1.98,Croatia,,,
6170,1.91,Lithuania,left,Midfield - Central Midfield,30/06/2029
6521,1.86,Serbia,,,
6107,1.78,Denmark,right,Midfield - Central Midfield,31/12/2026
6238,1.84,Gabon,,,
6761,1.88,Portugal,,,
6883,1.91,France,left,Defender - Centre-Back,30/06/2027
5825,1.94,Iceland,right,Attack - Centre-Forward,-
6421,1.82,Romania,right,Attack - Left Winger,30/06/2028
6190,1.8,Italy,right,Midfield - Central Midfield,30/06/2029
6809,1.86,Italy,right,Defender - Centre-Back,30/06/2030
6505,1.97,Italy,right,Goalkeeper,30/06/2027
6818,1.9,Italy,right,Goalkeeper,30/06/2027
5762,1.95,Moldova,,,
6660,1.9,Italy,,,
5424,1.82,Italy,,,
6407,1.74,Italy,right,Midfield - Left Midfield,30/06/2027
5821,1.88,Italy,right,Defender - Centre-Back,30/06/2027
5436,1.85,Italy,left,Attack - Centre-Forward,30/06/2027
5822,1.94,Italy,right,Goalkeeper,30/06/2027
6235,1.79,Italy,,,
6669,1.89,Cote d'Ivoire,,,
6393,1.78,Argentina,,,
7313,1.93,Serbia,,,
6181,1.92,Poland,both,Attack - Centre-Forward,30/06/2027
6480,1.8,Cameroon,,,
6572,1.79,Argentina,,,
6194,1.91,Serbia,,,
7011,1.9,Denmark,right,Defender - Centre-Back,30/06/2028
6908,1.89,France,,,
7023,1.92,Argentina,,,
6195,1.8,Venezuela,right,Midfield - Central Midfield,31/12/2029
6957,1.87,Argentina,,,
5767,1.93,Greece,both,Defender - Centre-Back,30/06/2029
5779,1.78,Ghana,left,Defender - Left-Back,30/06/2028
7342,1.96,France,,,
7220,1.8,Algeria,,,
6506,1.78,Italy,,,
6663,1.91,Australia,,,
5728,1.75,Ghana,right,Attack - Left Winger,30/06/2028
6424,1.85,Italy,right,Midfield - Defensive Midfield,30/06/2028
5824,1.66,Italy,left,Midfield - Attacking Midfield,30/06/2027
7325,1.93,Bulgaria,left,Defender - Centre-Back,30/06/2030
6975,1.86,Portugal,right,Defender - Right-Back,30/06/2030
6427,1.92,Jamaica,right,Attack - Centre-Forward,30/06/2027
6914,1.74,Tunisia,,,
6524,1.87,Italy,,,
6496,1.93,Italy,left,Defender - Left-Back,30/06/2030
6530,1.83,Algeria,,,
6433,1.97,Spain,,,
6977,1.98,Denmark,right,Defender - Centre-Back,30/06/2028
6804,1.97,Morocco,,,
6972,1.85,Italy,,,
6832,1.86,Italy,both,Defender - Right-Back,30/06/2033
7271,1.91,Germany,,,
6910,1.97,Poland,right,Attack - Centre-Forward,30/06/2027
6537,1.92,Georgia,right,Defender - Centre-Back,30/06/2030
7311,1.8,Switzerland,,,
7015,1.88,Spain,right,Attack - Left Winger,30/06/2030
6836,1.92,Denmark,,,
7337,1.94,Italy,right,Goalkeeper,30/06/2030
6821,1.87,France,right,Defender - Right-Back,30/06/2028
6683,1.87,Italy,,,
7208,1.82,Scotland,right,Midfield - Central Midfield,30/06/2030
6023,1.92,France,,,
7140,1.95,Italy,,,
6882,1.85,Italy,right,Attack - Second Striker,30/06/2028
6257,1.85,Denmark,,,
6616,1.88,Italy,right,Attack - Centre-Forward,30/06/2028
6611,1.91,Cyprus,left,Attack - Right Winger,-
6425,1.95,Nigeria,right,Attack - Centre-Forward,30/06/2027
7071,1.91,Italy,right,Attack - Centre-Forward,30/06/2030
7255,1.82,Switzerland,,,
6184,1.94,Italy,right,Goalkeeper,30/06/2027
7239,1.9,Italy,right,Attack - Centre-Forward,30/06/2027
6827,1.85,Sweden,,,
7316,1.92,Nigeria,right,Attack - Centre-Forward,30/06/2030
7394,1.77,Italy,,,
6872,1.78,Italy,right,Midfield - Central Midfield,30/06/2029
6588,1.82,Italy,right,Midfield - Defensive Midfield,-
6610,1.88,Greece,left,Midfield - Attacking Midfield,30/06/2030
7177,1.92,Spain,right,Midfield - Central Midfield,30/06/2027
6677,1.85,Montenegro,right,Midfield - Attacking Midfield,30/06/2027
6869,1.96,Spain,right,Defender - Centre-Back,30/06/2030
6875,1.85,Argentina,,,
6635,1.87,Chile,right,Attack - Centre-Forward,30/06/2027
7399,1.8,Italy,right,Midfield - Attacking Midfield,30/06/2027
6853,1.78,France,left,Midfield - Central Midfield,-
7238,1.91,Italy,,,
6998,1.73,Italy,right,Midfield - Central Midfield,-
6895,1.72,Argentina,right,Attack - Left Winger,30/06/2029
6618,1.81,Italy,,,
7181,1.78,Brazil,right,Defender - Right-Back,30/06/2030
6593,1.84,Nigeria,right,Midfield - Central Midfield,30/06/2027
7307,1.85,Italy,right,Attack - Centre-Forward,30/06/2029
7397,,Italy,right,Attack - Left Winger,30/06/2027
7322,1.9,Mauritania,,,
7052,1.85,Moldova,,,
6024,1.8,Ghana,right,Midfield - Defensive Midfield,30/06/2028
6191,1.73,Morocco,,,
7069,1.85,Italy,right,Defender - Left-Back,30/06/2027
5814,1.82,Guinea,right,Attack - Centre-Forward,30/06/2027
6678,1.72,Italy,left,Midfield - Attacking Midfield,30/06/2031
7375,1.79,Italy,left,Defender - Left-Back,30/06/2027
7150,1.89,Türkiye,,,
7211,1.81,Switzerland,,,
7381,1.84,Poland,right,Attack - Centre-Forward,30/06/2027
7062,1.87,Slovenia,right,Midfield - Central Midfield,30/06/2029
7172,1.88,Italy,right,Goalkeeper,30/06/2029
6874,1.96,Argentina,left,Defender - Centre-Back,31/12/2026
7032,1.8,Italy,,,
7346,1.89,Netherlands,,,
6944,1.9,Italy,,,
7162,1.84,Brazil,left,Attack - Centre-Forward,30/06/2030
7388,1.79,Italy,left,Attack - Second Striker,30/06/2028
7254,1.8,Brazil,left,Midfield - Attacking Midfield,31/12/2029
7377,1.77,Venezuela,,,
6160,1.94,Portugal,,,
7345,1.84,Poland,right,Midfield - Attacking Midfield,30/06/2030
7262,1.89,Suriname,,,
7260,1.94,Poland,right,Defender - Centre-Back,30/06/2030
6834,,Italy,right,Midfield - Attacking Midfield,-
6954,1.86,Italy,right,Attack - Centre-Forward,30/06/2027
7393,,Italy,,Midfield - Central Midfield,30/06/2028
6519,1.89,Italy,right,Attack - Centre-Forward,30/06/2031
7044,1.85,Italy,,,
6967,1.85,Senegal,,,
6980,1.78,Italy,right,Attack - Right Winger,30/06/2029
7398,,Italy,right,Midfield - Defensive Midfield,30/06/2027
6916,1.84,Italy,,,
7353,1.9,Brazil,right,Defender - Centre-Back,30/06/2030
7341,1.77,Brazil,right,Midfield - Central Midfield,30/06/2030
7309,1.85,Brazil,,,
6887,1.96,Italy,right,Defender - Centre-Back,30/06/2031
7317,1.91,France,left,Attack - Centre-Forward,30/06/2030
7338,1.78,Uruguay,,,
6997,1.85,Cote d'Ivoire,right,Attack - Centre-Forward,30/06/2027
6989,1.96,Portugal,right,Defender - Centre-Back,30/06/2027
7312,1.83,Colombia,left,Midfield - Left Midfield,30/06/2030
7326,1.96,Norway,right,Defender - Centre-Back,30/06/2030
6981,1.85,France,,,
7165,1.75,Zambia,right,Midfield - Central Midfield,30/06/2030
6890,1.93,Argentina,right,Defender - Centre-Back,30/06/2027
6411,1.9,Brazil,,,
7235,1.94,Argentina,both,Defender - Centre-Back,30/06/2030
7036,1.78,France,,,
7164,1.92,Chile,right,Defender - Centre-Back,30/06/2028
7129,1.85,Spain,right,Attack - Left Winger,30/06/2030
7395,,Italy,,,
7335,1.92,Sweden,left,Defender - Centre-Back,30/06/2029
7392,1.88,France,,,
7268,1.9,Uruguay,left,Defender - Centre-Back,30/06/2030
7277,1.88,Italy,,,
7356,1.92,Croatia,right,Defender - Centre-Back,30/06/2031
7222,1.85,The Gambia,,,
7389,,Burkina Faso,left,Defender - Left-Back,30/06/2029
